Sourcekey,EMM_EPM0_PTE_NUS_DPG
Date,Weekly U.S. All Grades All Formulations Retail Gasoline Prices  (Dollars per Gallon)
1993-04-05 00:00:00,1.068
1993-04-12 00:00:00,1.079
1993-04-19 00:00:00,1.079
1993-04-26 00:00:00,1.086
1993-05-03 00:00:00,1.086
1993-05-10 00:00:00,1.097
1993-05-17 00:00:00,1.106
1993-05-24 00:00:00,1.106
1993-05-31 00:00:00,1.107
1993-06-07 00:00:00,1.104
1993-06-14 00:00:00,1.101
1993-06-21 00:00:00,1.095
1993-06-28 00:00:00,1.089
1993-07-05 00:00:00,1.086
1993-07-12 00:00:00,1.081
1993-07-19 00:00:00,1.075
1993-07-26 00:00:00,1.069
1993-08-02 00:00:00,1.062
1993-08-09 00:00:00,1.06
1993-08-16 00:00:00,1.059
1993-08-23 00:00:00,1.065
1993-08-30 00:00:00,1.062
1993-09-06 00:00:00,1.055
1993-09-13 00:00:00,1.051
1993-09-20 00:00:00,1.045
1993-09-27 00:00:00,1.047
1993-10-04 00:00:00,1.092
1993-10-11 00:00:00,1.09
1993-10-18 00:00:00,1.093
1993-10-25 00:00:00,1.092
1993-11-01 00:00:00,1.084
1993-11-08 00:00:00,1.075
1993-11-15 00:00:00,1.064
1993-11-22 00:00:00,1.058
1993-11-29 00:00:00,1.051
1993-12-06 00:00:00,1.036
1993-12-13 00:00:00,1.018
1993-12-20 00:00:00,1.003
1993-12-27 00:00:00,0.999
1994-01-03 00:00:00,0.992
1994-01-10 00:00:00,0.995
1994-01-17 00:00:00,1.001
1994-01-24 00:00:00,0.999
1994-01-31 00:00:00,1.005
1994-02-07 00:00:00,1.007
1994-02-14 00:00:00,1.016
1994-02-21 00:00:00,1.009
1994-02-28 00:00:00,1.004
1994-03-07 00:00:00,1.007
1994-03-14 00:00:00,1.005
1994-03-21 00:00:00,1.007
1994-03-28 00:00:00,1.012
1994-04-04 00:00:00,1.011
1994-04-11 00:00:00,1.028
1994-04-18 00:00:00,1.033
1994-04-25 00:00:00,1.037
1994-05-02 00:00:00,1.04
1994-05-09 00:00:00,1.045
1994-05-16 00:00:00,1.046
1994-05-23 00:00:00,1.05
1994-05-30 00:00:00,1.056
1994-06-06 00:00:00,1.065
1994-06-13 00:00:00,1.073
1994-06-20 00:00:00,1.079
1994-06-27 00:00:00,1.095
1994-07-04 00:00:00,1.097
1994-07-11 00:00:00,1.103
1994-07-18 00:00:00,1.109
1994-07-25 00:00:00,1.114
1994-08-01 00:00:00,1.13
1994-08-08 00:00:00,1.157
1994-08-15 00:00:00,1.161
1994-08-22 00:00:00,1.165
1994-08-29 00:00:00,1.161
1994-09-05 00:00:00,1.156
1994-09-12 00:00:00,1.15
1994-09-19 00:00:00,1.14
1994-09-26 00:00:00,1.129
1994-10-03 00:00:00,1.12
1994-10-10 00:00:00,1.114
1994-10-17 00:00:00,1.106
1994-10-24 00:00:00,1.107
1994-10-31 00:00:00,1.121
1994-11-07 00:00:00,1.123
1994-11-14 00:00:00,1.122
1994-11-21 00:00:00,1.113
1994-11-28 00:00:00,1.117
1994-12-05 00:00:00,1.127
1994-12-12 00:00:00,1.131
1994-12-19 00:00:00,1.134
1994-12-26 00:00:00,1.125
1995-01-02 00:00:00,1.127
1995-01-09 00:00:00,1.134
1995-01-16 00:00:00,1.126
1995-01-23 00:00:00,1.132
1995-01-30 00:00:00,1.131
1995-02-06 00:00:00,1.124
1995-02-13 00:00:00,1.121
1995-02-20 00:00:00,1.115
1995-02-27 00:00:00,1.121
1995-03-06 00:00:00,1.123
1995-03-13 00:00:00,1.116
1995-03-20 00:00:00,1.114
1995-03-27 00:00:00,1.121
1995-04-03 00:00:00,1.133
1995-04-10 00:00:00,1.149
1995-04-17 00:00:00,1.163
1995-04-24 00:00:00,1.184
1995-05-01 00:00:00,1.194
1995-05-08 00:00:00,1.216
1995-05-15 00:00:00,1.226
1995-05-22 00:00:00,1.244
1995-05-29 00:00:00,1.246
1995-06-05 00:00:00,1.246
1995-06-12 00:00:00,1.243
1995-06-19 00:00:00,1.236
1995-06-26 00:00:00,1.229
1995-07-03 00:00:00,1.222
1995-07-10 00:00:00,1.212
1995-07-17 00:00:00,1.2
1995-07-24 00:00:00,1.191
1995-07-31 00:00:00,1.179
1995-08-07 00:00:00,1.174
1995-08-14 00:00:00,1.172
1995-08-21 00:00:00,1.171
1995-08-28 00:00:00,1.163
1995-09-04 00:00:00,1.16
1995-09-11 00:00:00,1.158
1995-09-18 00:00:00,1.157
1995-09-25 00:00:00,1.156
1995-10-02 00:00:00,1.151
1995-10-09 00:00:00,1.144
1995-10-16 00:00:00,1.133
1995-10-23 00:00:00,1.125
1995-10-30 00:00:00,1.115
1995-11-06 00:00:00,1.112
1995-11-13 00:00:00,1.109
1995-11-20 00:00:00,1.106
1995-11-27 00:00:00,1.107
1995-12-04 00:00:00,1.108
1995-12-11 00:00:00,1.11
1995-12-18 00:00:00,1.124
1995-12-25 00:00:00,1.128
1996-01-01 00:00:00,1.129
1996-01-08 00:00:00,1.139
1996-01-15 00:00:00,1.145
1996-01-22 00:00:00,1.138
1996-01-29 00:00:00,1.133
1996-02-05 00:00:00,1.13
1996-02-12 00:00:00,1.126
1996-02-19 00:00:00,1.133
1996-02-26 00:00:00,1.153
1996-03-04 00:00:00,1.17
1996-03-11 00:00:00,1.171
1996-03-18 00:00:00,1.181
1996-03-25 00:00:00,1.21
1996-04-01 00:00:00,1.223
1996-04-08 00:00:00,1.248
1996-04-15 00:00:00,1.287
1996-04-22 00:00:00,1.301
1996-04-29 00:00:00,1.318
1996-05-06 00:00:00,1.321
1996-05-13 00:00:00,1.323
1996-05-20 00:00:00,1.33
1996-05-27 00:00:00,1.321
1996-06-03 00:00:00,1.315
1996-06-10 00:00:00,1.307
1996-06-17 00:00:00,1.302
1996-06-24 00:00:00,1.289
1996-07-01 00:00:00,1.279
1996-07-08 00:00:00,1.276
1996-07-15 00:00:00,1.273
1996-07-22 00:00:00,1.272
1996-07-29 00:00:00,1.263
1996-08-05 00:00:00,1.253
1996-08-12 00:00:00,1.248
1996-08-19 00:00:00,1.249
1996-08-26 00:00:00,1.253
1996-09-02 00:00:00,1.242
1996-09-09 00:00:00,1.247
1996-09-16 00:00:00,1.25
1996-09-23 00:00:00,1.251
1996-09-30 00:00:00,1.245
1996-10-07 00:00:00,1.239
1996-10-14 00:00:00,1.248
1996-10-21 00:00:00,1.249
1996-10-28 00:00:00,1.26
1996-11-04 00:00:00,1.268
1996-11-11 00:00:00,1.272
1996-11-18 00:00:00,1.282
1996-11-25 00:00:00,1.289
1996-12-02 00:00:00,1.287
1996-12-09 00:00:00,1.287
1996-12-16 00:00:00,1.283
1996-12-23 00:00:00,1.278
1996-12-30 00:00:00,1.274
1997-01-06 00:00:00,1.272
1997-01-13 00:00:00,1.287
1997-01-20 00:00:00,1.287
1997-01-27 00:00:00,1.284
1997-02-03 00:00:00,1.282
1997-02-10 00:00:00,1.28
1997-02-17 00:00:00,1.273
1997-02-24 00:00:00,1.27
1997-03-03 00:00:00,1.261
1997-03-10 00:00:00,1.253
1997-03-17 00:00:00,1.246
1997-03-24 00:00:00,1.25
1997-03-31 00:00:00,1.246
1997-04-07 00:00:00,1.248
1997-04-14 00:00:00,1.244
1997-04-21 00:00:00,1.245
1997-04-28 00:00:00,1.24
1997-05-05 00:00:00,1.238
1997-05-12 00:00:00,1.238
1997-05-19 00:00:00,1.247
1997-05-26 00:00:00,1.255
1997-06-02 00:00:00,1.258
1997-06-09 00:00:00,1.251
1997-06-16 00:00:00,1.242
1997-06-23 00:00:00,1.232
1997-06-30 00:00:00,1.226
1997-07-07 00:00:00,1.222
1997-07-14 00:00:00,1.219
1997-07-21 00:00:00,1.222
1997-07-28 00:00:00,1.216
1997-08-04 00:00:00,1.237
1997-08-11 00:00:00,1.272
1997-08-18 00:00:00,1.274
1997-08-25 00:00:00,1.288
1997-09-01 00:00:00,1.287
1997-09-08 00:00:00,1.288
1997-09-15 00:00:00,1.281
1997-09-22 00:00:00,1.269
1997-09-29 00:00:00,1.255
1997-10-06 00:00:00,1.254
1997-10-13 00:00:00,1.248
1997-10-20 00:00:00,1.238
1997-10-27 00:00:00,1.228
1997-11-03 00:00:00,1.221
1997-11-10 00:00:00,1.222
1997-11-17 00:00:00,1.213
1997-11-24 00:00:00,1.207
1997-12-01 00:00:00,1.197
1997-12-08 00:00:00,1.187
1997-12-15 00:00:00,1.176
1997-12-22 00:00:00,1.167
1997-12-29 00:00:00,1.158
1998-01-05 00:00:00,1.148
1998-01-12 00:00:00,1.14
1998-01-19 00:00:00,1.129
1998-01-26 00:00:00,1.112
1998-02-02 00:00:00,1.108
1998-02-09 00:00:00,1.101
1998-02-16 00:00:00,1.085
1998-02-23 00:00:00,1.09
1998-03-02 00:00:00,1.075
1998-03-09 00:00:00,1.065
1998-03-16 00:00:00,1.055
1998-03-23 00:00:00,1.047
1998-03-30 00:00:00,1.077
1998-04-06 00:00:00,1.074
1998-04-13 00:00:00,1.072
1998-04-20 00:00:00,1.075
1998-04-27 00:00:00,1.086
1998-05-04 00:00:00,1.095
1998-05-11 00:00:00,1.109
1998-05-18 00:00:00,1.109
1998-05-25 00:00:00,1.108
1998-06-01 00:00:00,1.104
1998-06-08 00:00:00,1.113
1998-06-15 00:00:00,1.104
1998-06-22 00:00:00,1.096
1998-06-29 00:00:00,1.096
1998-07-06 00:00:00,1.097
1998-07-13 00:00:00,1.092
1998-07-20 00:00:00,1.097
1998-07-27 00:00:00,1.088
1998-08-03 00:00:00,1.077
1998-08-10 00:00:00,1.072
1998-08-17 00:00:00,1.065
1998-08-24 00:00:00,1.058
1998-08-31 00:00:00,1.053
1998-09-07 00:00:00,1.046
1998-09-14 00:00:00,1.042
1998-09-21 00:00:00,1.053
1998-09-28 00:00:00,1.053
1998-10-05 00:00:00,1.059
1998-10-12 00:00:00,1.063
1998-10-19 00:00:00,1.058
1998-10-26 00:00:00,1.055
1998-11-02 00:00:00,1.05
1998-11-09 00:00:00,1.048
1998-11-16 00:00:00,1.037
1998-11-23 00:00:00,1.03
1998-11-30 00:00:00,1.015
1998-12-07 00:00:00,0.996
1998-12-14 00:00:00,0.987
1998-12-21 00:00:00,0.986
1998-12-28 00:00:00,0.979
1999-01-04 00:00:00,0.977
1999-01-11 00:00:00,0.982
1999-01-18 00:00:00,0.985
1999-01-25 00:00:00,0.977
1999-02-01 00:00:00,0.971
1999-02-08 00:00:00,0.968
1999-02-15 00:00:00,0.96
1999-02-22 00:00:00,0.949
1999-03-01 00:00:00,0.955
1999-03-08 00:00:00,0.963
1999-03-15 00:00:00,1.017
1999-03-22 00:00:00,1.056
1999-03-29 00:00:00,1.121
1999-04-05 00:00:00,1.158
1999-04-12 00:00:00,1.179
1999-04-19 00:00:00,1.175
1999-04-26 00:00:00,1.171
1999-05-03 00:00:00,1.176
1999-05-10 00:00:00,1.18
1999-05-17 00:00:00,1.18
1999-05-24 00:00:00,1.166
1999-05-31 00:00:00,1.151
1999-06-07 00:00:00,1.152
1999-06-14 00:00:00,1.148
1999-06-21 00:00:00,1.163
1999-06-28 00:00:00,1.153
1999-07-05 00:00:00,1.165
1999-07-12 00:00:00,1.182
1999-07-19 00:00:00,1.208
1999-07-26 00:00:00,1.232
1999-08-02 00:00:00,1.234
1999-08-09 00:00:00,1.246
1999-08-16 00:00:00,1.275
1999-08-23 00:00:00,1.273
1999-08-30 00:00:00,1.273
1999-09-06 00:00:00,1.282
1999-09-13 00:00:00,1.29
1999-09-20 00:00:00,1.307
1999-09-27 00:00:00,1.302
1999-10-04 00:00:00,1.296
1999-10-11 00:00:00,1.29
1999-10-18 00:00:00,1.277
1999-10-25 00:00:00,1.277
1999-11-01 00:00:00,1.271
1999-11-08 00:00:00,1.274
1999-11-15 00:00:00,1.292
1999-11-22 00:00:00,1.309
1999-11-29 00:00:00,1.315
1999-12-06 00:00:00,1.313
1999-12-13 00:00:00,1.315
1999-12-20 00:00:00,1.31
1999-12-27 00:00:00,1.314
2000-01-03 00:00:00,1.312
2000-01-10 00:00:00,1.304
2000-01-17 00:00:00,1.318
2000-01-24 00:00:00,1.354
2000-01-31 00:00:00,1.355
2000-02-07 00:00:00,1.364
2000-02-14 00:00:00,1.394
2000-02-21 00:00:00,1.443
2000-02-28 00:00:00,1.458
2000-03-06 00:00:00,1.539
2000-03-13 00:00:00,1.566
2000-03-20 00:00:00,1.569
2000-03-27 00:00:00,1.549
2000-04-03 00:00:00,1.543
2000-04-10 00:00:00,1.516
2000-04-17 00:00:00,1.486
2000-04-24 00:00:00,1.478
2000-05-01 00:00:00,1.461
2000-05-08 00:00:00,1.495
2000-05-15 00:00:00,1.531
2000-05-22 00:00:00,1.566
2000-05-29 00:00:00,1.579
2000-06-05 00:00:00,1.599
2000-06-12 00:00:00,1.664
2000-06-19 00:00:00,1.711
2000-06-26 00:00:00,1.691
2000-07-03 00:00:00,1.661
2000-07-10 00:00:00,1.63
2000-07-17 00:00:00,1.586
2000-07-24 00:00:00,1.562
2000-07-31 00:00:00,1.514
2000-08-07 00:00:00,1.504
2000-08-14 00:00:00,1.489
2000-08-21 00:00:00,1.508
2000-08-28 00:00:00,1.521
2000-09-04 00:00:00,1.568
2000-09-11 00:00:00,1.598
2000-09-18 00:00:00,1.599
2000-09-25 00:00:00,1.586
2000-10-02 00:00:00,1.563
2000-10-09 00:00:00,1.541
2000-10-16 00:00:00,1.578
2000-10-23 00:00:00,1.588
2000-10-30 00:00:00,1.584
2000-11-06 00:00:00,1.565
2000-11-13 00:00:00,1.562
2000-11-20 00:00:00,1.55
2000-11-27 00:00:00,1.549
2000-12-04 00:00:00,1.526
2000-12-11 00:00:00,1.49
2000-12-18 00:00:00,1.462
2000-12-25 00:00:00,1.453
2001-01-01 00:00:00,1.446
2001-01-08 00:00:00,1.465
2001-01-15 00:00:00,1.513
2001-01-22 00:00:00,1.511
2001-01-29 00:00:00,1.5
2001-02-05 00:00:00,1.483
2001-02-12 00:00:00,1.515
2001-02-19 00:00:00,1.489
2001-02-26 00:00:00,1.471
2001-03-05 00:00:00,1.457
2001-03-12 00:00:00,1.453
2001-03-19 00:00:00,1.444
2001-03-26 00:00:00,1.445
2001-04-02 00:00:00,1.482
2001-04-09 00:00:00,1.54
2001-04-16 00:00:00,1.61
2001-04-23 00:00:00,1.658
2001-04-30 00:00:00,1.665
2001-05-07 00:00:00,1.739
2001-05-14 00:00:00,1.748
2001-05-21 00:00:00,1.724
2001-05-28 00:00:00,1.739
2001-06-04 00:00:00,1.715
2001-06-11 00:00:00,1.688
2001-06-18 00:00:00,1.644
2001-06-25 00:00:00,1.583
2001-07-02 00:00:00,1.52
2001-07-09 00:00:00,1.484
2001-07-16 00:00:00,1.459
2001-07-23 00:00:00,1.44
2001-07-30 00:00:00,1.428
2001-08-06 00:00:00,1.419
2001-08-13 00:00:00,1.434
2001-08-20 00:00:00,1.467
2001-08-27 00:00:00,1.523
2001-09-03 00:00:00,1.579
2001-09-10 00:00:00,1.562
2001-09-17 00:00:00,1.564
2001-09-24 00:00:00,1.522
2001-10-01 00:00:00,1.455
2001-10-08 00:00:00,1.393
2001-10-15 00:00:00,1.351
2001-10-22 00:00:00,1.307
2001-10-29 00:00:00,1.277
2001-11-05 00:00:00,1.249
2001-11-12 00:00:00,1.224
2001-11-19 00:00:00,1.208
2001-11-26 00:00:00,1.168
2001-12-03 00:00:00,1.149
2001-12-10 00:00:00,1.136
2001-12-17 00:00:00,1.101
2001-12-24 00:00:00,1.113
2001-12-31 00:00:00,1.137
2002-01-07 00:00:00,1.152
2002-01-14 00:00:00,1.152
2002-01-21 00:00:00,1.146
2002-01-28 00:00:00,1.142
2002-02-04 00:00:00,1.157
2002-02-11 00:00:00,1.148
2002-02-18 00:00:00,1.157
2002-02-25 00:00:00,1.157
2002-03-04 00:00:00,1.185
2002-03-11 00:00:00,1.262
2002-03-18 00:00:00,1.328
2002-03-25 00:00:00,1.382
2002-04-01 00:00:00,1.412
2002-04-08 00:00:00,1.454
2002-04-15 00:00:00,1.446
2002-04-22 00:00:00,1.446
2002-04-29 00:00:00,1.435
2002-05-06 00:00:00,1.437
2002-05-13 00:00:00,1.431
2002-05-20 00:00:00,1.439
2002-05-27 00:00:00,1.429
2002-06-03 00:00:00,1.433
2002-06-10 00:00:00,1.417
2002-06-17 00:00:00,1.419
2002-06-24 00:00:00,1.425
2002-07-01 00:00:00,1.433
2002-07-08 00:00:00,1.423
2002-07-15 00:00:00,1.435
2002-07-22 00:00:00,1.451
2002-07-29 00:00:00,1.447
2002-08-05 00:00:00,1.437
2002-08-12 00:00:00,1.435
2002-08-19 00:00:00,1.434
2002-08-26 00:00:00,1.444
2002-09-02 00:00:00,1.436
2002-09-09 00:00:00,1.437
2002-09-16 00:00:00,1.442
2002-09-23 00:00:00,1.436
2002-09-30 00:00:00,1.455
2002-10-07 00:00:00,1.48
2002-10-14 00:00:00,1.481
2002-10-21 00:00:00,1.499
2002-10-28 00:00:00,1.485
2002-11-04 00:00:00,1.489
2002-11-11 00:00:00,1.48
2002-11-18 00:00:00,1.451
2002-11-25 00:00:00,1.423
2002-12-02 00:00:00,1.408
2002-12-09 00:00:00,1.404
2002-12-16 00:00:00,1.407
2002-12-23 00:00:00,1.443
2002-12-30 00:00:00,1.484
2003-01-06 00:00:00,1.487
2003-01-13 00:00:00,1.496
2003-01-20 00:00:00,1.502
2003-01-27 00:00:00,1.515
2003-02-03 00:00:00,1.569
2003-02-10 00:00:00,1.649
2003-02-17 00:00:00,1.701
2003-02-24 00:00:00,1.699
2003-03-03 00:00:00,1.726
2003-03-10 00:00:00,1.752
2003-03-17 00:00:00,1.768
2003-03-24 00:00:00,1.732
2003-03-31 00:00:00,1.692
2003-04-07 00:00:00,1.673
2003-04-14 00:00:00,1.639
2003-04-21 00:00:00,1.618
2003-04-28 00:00:00,1.6
2003-05-05 00:00:00,1.556
2003-05-12 00:00:00,1.534
2003-05-19 00:00:00,1.539
2003-05-26 00:00:00,1.528
2003-06-02 00:00:00,1.514
2003-06-09 00:00:00,1.53
2003-06-16 00:00:00,1.558
2003-06-23 00:00:00,1.537
2003-06-30 00:00:00,1.528
2003-07-07 00:00:00,1.53
2003-07-14 00:00:00,1.563
2003-07-21 00:00:00,1.566
2003-07-28 00:00:00,1.558
2003-08-04 00:00:00,1.576
2003-08-11 00:00:00,1.611
2003-08-18 00:00:00,1.668
2003-08-25 00:00:00,1.787
2003-09-01 00:00:00,1.786
2003-09-08 00:00:00,1.758
2003-09-15 00:00:00,1.739
2003-09-22 00:00:00,1.686
2003-09-29 00:00:00,1.635
2003-10-06 00:00:00,1.617
2003-10-13 00:00:00,1.611
2003-10-20 00:00:00,1.612
2003-10-27 00:00:00,1.584
2003-11-03 00:00:00,1.577
2003-11-10 00:00:00,1.547
2003-11-17 00:00:00,1.54
2003-11-24 00:00:00,1.554
2003-12-01 00:00:00,1.533
2003-12-08 00:00:00,1.519
2003-12-15 00:00:00,1.509
2003-12-22 00:00:00,1.528
2003-12-29 00:00:00,1.521
2004-01-05 00:00:00,1.552
2004-01-12 00:00:00,1.603
2004-01-19 00:00:00,1.637
2004-01-26 00:00:00,1.664
2004-02-02 00:00:00,1.66
2004-02-09 00:00:00,1.681
2004-02-16 00:00:00,1.69
2004-02-23 00:00:00,1.73
2004-03-01 00:00:00,1.758
2004-03-08 00:00:00,1.78
2004-03-15 00:00:00,1.767
2004-03-22 00:00:00,1.785
2004-03-29 00:00:00,1.8
2004-04-05 00:00:00,1.822
2004-04-12 00:00:00,1.827
2004-04-19 00:00:00,1.853
2004-04-26 00:00:00,1.853
2004-05-03 00:00:00,1.884
2004-05-10 00:00:00,1.979
2004-05-17 00:00:00,2.055
2004-05-24 00:00:00,2.104
2004-05-31 00:00:00,2.092
2004-06-07 00:00:00,2.075
2004-06-14 00:00:00,2.029
2004-06-21 00:00:00,1.981
2004-06-28 00:00:00,1.965
2004-07-05 00:00:00,1.939
2004-07-12 00:00:00,1.959
2004-07-19 00:00:00,1.971
2004-07-26 00:00:00,1.948
2004-08-02 00:00:00,1.93
2004-08-09 00:00:00,1.92
2004-08-16 00:00:00,1.917
2004-08-23 00:00:00,1.926
2004-08-30 00:00:00,1.909
2004-09-06 00:00:00,1.893
2004-09-13 00:00:00,1.889
2004-09-20 00:00:00,1.908
2004-09-27 00:00:00,1.959
2004-10-04 00:00:00,1.98
2004-10-11 00:00:00,2.035
2004-10-18 00:00:00,2.077
2004-10-25 00:00:00,2.074
2004-11-01 00:00:00,2.076
2004-11-08 00:00:00,2.045
2004-11-15 00:00:00,2.014
2004-11-22 00:00:00,1.992
2004-11-29 00:00:00,1.989
2004-12-06 00:00:00,1.956
2004-12-13 00:00:00,1.893
2004-12-20 00:00:00,1.861
2004-12-27 00:00:00,1.838
2005-01-03 00:00:00,1.824
2005-01-10 00:00:00,1.837
2005-01-17 00:00:00,1.863
2005-01-24 00:00:00,1.896
2005-01-31 00:00:00,1.953
2005-02-07 00:00:00,1.952
2005-02-14 00:00:00,1.941
2005-02-21 00:00:00,1.948
2005-02-28 00:00:00,1.969
2005-03-07 00:00:00,2.04
2005-03-14 00:00:00,2.098
2005-03-21 00:00:00,2.149
2005-03-28 00:00:00,2.194
2005-04-04 00:00:00,2.258
2005-04-11 00:00:00,2.321
2005-04-18 00:00:00,2.28
2005-04-25 00:00:00,2.279
2005-05-02 00:00:00,2.277
2005-05-09 00:00:00,2.231
2005-05-16 00:00:00,2.206
2005-05-23 00:00:00,2.169
2005-05-30 00:00:00,2.141
2005-06-06 00:00:00,2.159
2005-06-13 00:00:00,2.173
2005-06-20 00:00:00,2.204
2005-06-27 00:00:00,2.257
2005-07-04 00:00:00,2.268
2005-07-11 00:00:00,2.369
2005-07-18 00:00:00,2.36
2005-07-25 00:00:00,2.333
2005-08-01 00:00:00,2.335
2005-08-08 00:00:00,2.41
2005-08-15 00:00:00,2.592
2005-08-22 00:00:00,2.654
2005-08-29 00:00:00,2.653
2005-09-05 00:00:00,3.117
2005-09-12 00:00:00,3.002
2005-09-19 00:00:00,2.835
2005-09-26 00:00:00,2.851
2005-10-03 00:00:00,2.975
2005-10-10 00:00:00,2.896
2005-10-17 00:00:00,2.775
2005-10-24 00:00:00,2.652
2005-10-31 00:00:00,2.528
2005-11-07 00:00:00,2.424
2005-11-14 00:00:00,2.342
2005-11-21 00:00:00,2.247
2005-11-28 00:00:00,2.2
2005-12-05 00:00:00,2.191
2005-12-12 00:00:00,2.228
2005-12-19 00:00:00,2.255
2005-12-26 00:00:00,2.241
2006-01-02 00:00:00,2.281
2006-01-09 00:00:00,2.371
2006-01-16 00:00:00,2.366
2006-01-23 00:00:00,2.382
2006-01-30 00:00:00,2.402
2006-02-06 00:00:00,2.388
2006-02-13 00:00:00,2.331
2006-02-20 00:00:00,2.286
2006-02-27 00:00:00,2.298
2006-03-06 00:00:00,2.373
2006-03-13 00:00:00,2.408
2006-03-20 00:00:00,2.548
2006-03-27 00:00:00,2.542
2006-04-03 00:00:00,2.631
2006-04-10 00:00:00,2.727
2006-04-17 00:00:00,2.828
2006-04-24 00:00:00,2.96
2006-05-01 00:00:00,2.966
2006-05-08 00:00:00,2.955
2006-05-15 00:00:00,2.992
2006-05-22 00:00:00,2.938
2006-05-29 00:00:00,2.913
2006-06-05 00:00:00,2.937
2006-06-12 00:00:00,2.951
2006-06-19 00:00:00,2.917
2006-06-26 00:00:00,2.914
2006-07-03 00:00:00,2.979
2006-07-10 00:00:00,3.017
2006-07-17 00:00:00,3.033
2006-07-24 00:00:00,3.048
2006-07-31 00:00:00,3.05
2006-08-07 00:00:00,3.083
2006-08-14 00:00:00,3.047
2006-08-21 00:00:00,2.971
2006-08-28 00:00:00,2.893
2006-09-04 00:00:00,2.777
2006-09-11 00:00:00,2.67
2006-09-18 00:00:00,2.549
2006-09-25 00:00:00,2.429
2006-10-02 00:00:00,2.36
2006-10-09 00:00:00,2.31
2006-10-16 00:00:00,2.274
2006-10-23 00:00:00,2.255
2006-10-30 00:00:00,2.264
2006-11-06 00:00:00,2.246
2006-11-13 00:00:00,2.278
2006-11-20 00:00:00,2.285
2006-11-27 00:00:00,2.292
2006-12-04 00:00:00,2.342
2006-12-11 00:00:00,2.34
2006-12-18 00:00:00,2.366
2006-12-25 00:00:00,2.387
2007-01-01 00:00:00,2.382
2007-01-08 00:00:00,2.354
2007-01-15 00:00:00,2.28
2007-01-22 00:00:00,2.216
2007-01-29 00:00:00,2.213
2007-02-05 00:00:00,2.237
2007-02-12 00:00:00,2.287
2007-02-19 00:00:00,2.341
2007-02-26 00:00:00,2.428
2007-03-05 00:00:00,2.551
2007-03-12 00:00:00,2.605
2007-03-19 00:00:00,2.623
2007-03-26 00:00:00,2.655
2007-04-02 00:00:00,2.753
2007-04-09 00:00:00,2.848
2007-04-16 00:00:00,2.922
2007-04-23 00:00:00,2.917
2007-04-30 00:00:00,3.017
2007-05-07 00:00:00,3.097
2007-05-14 00:00:00,3.143
2007-05-21 00:00:00,3.258
2007-05-28 00:00:00,3.25
2007-06-04 00:00:00,3.2
2007-06-11 00:00:00,3.122
2007-06-18 00:00:00,3.057
2007-06-25 00:00:00,3.029
2007-07-02 00:00:00,3.005
2007-07-09 00:00:00,3.026
2007-07-16 00:00:00,3.092
2007-07-23 00:00:00,3.005
2007-07-30 00:00:00,2.926
2007-08-06 00:00:00,2.888
2007-08-13 00:00:00,2.821
2007-08-20 00:00:00,2.832
2007-08-27 00:00:00,2.796
2007-09-03 00:00:00,2.84
2007-09-10 00:00:00,2.862
2007-09-17 00:00:00,2.835
2007-09-24 00:00:00,2.86
2007-10-01 00:00:00,2.838
2007-10-08 00:00:00,2.821
2007-10-15 00:00:00,2.813
2007-10-22 00:00:00,2.873
2007-10-29 00:00:00,2.921
2007-11-05 00:00:00,3.06
2007-11-12 00:00:00,3.158
2007-11-19 00:00:00,3.148
2007-11-26 00:00:00,3.147
2007-12-03 00:00:00,3.113
2007-12-10 00:00:00,3.053
2007-12-17 00:00:00,3.05
2007-12-24 00:00:00,3.032
2007-12-31 00:00:00,3.104
2008-01-07 00:00:00,3.159
2008-01-14 00:00:00,3.119
2008-01-21 00:00:00,3.07
2008-01-28 00:00:00,3.03
2008-02-04 00:00:00,3.03
2008-02-11 00:00:00,3.011
2008-02-18 00:00:00,3.092
2008-02-25 00:00:00,3.18
2008-03-03 00:00:00,3.212
2008-03-10 00:00:00,3.273
2008-03-17 00:00:00,3.332
2008-03-24 00:00:00,3.31
2008-03-31 00:00:00,3.339
2008-04-07 00:00:00,3.381
2008-04-14 00:00:00,3.438
2008-04-21 00:00:00,3.557
2008-04-28 00:00:00,3.653
2008-05-05 00:00:00,3.663
2008-05-12 00:00:00,3.771
2008-05-19 00:00:00,3.84
2008-05-26 00:00:00,3.986
2008-06-02 00:00:00,4.026
2008-06-09 00:00:00,4.09
2008-06-16 00:00:00,4.134
2008-06-23 00:00:00,4.131
2008-06-30 00:00:00,4.146
2008-07-07 00:00:00,4.165
2008-07-14 00:00:00,4.164
2008-07-21 00:00:00,4.118
2008-07-28 00:00:00,4.01
2008-08-04 00:00:00,3.935
2008-08-11 00:00:00,3.864
2008-08-18 00:00:00,3.794
2008-08-25 00:00:00,3.738
2008-09-01 00:00:00,3.733
2008-09-08 00:00:00,3.701
2008-09-15 00:00:00,3.887
2008-09-22 00:00:00,3.772
2008-09-29 00:00:00,3.687
2008-10-06 00:00:00,3.543
2008-10-13 00:00:00,3.213
2008-10-20 00:00:00,2.974
2008-10-27 00:00:00,2.718
2008-11-03 00:00:00,2.462
2008-11-10 00:00:00,2.284
2008-11-17 00:00:00,2.132
2008-11-24 00:00:00,1.952
2008-12-01 00:00:00,1.87
2008-12-08 00:00:00,1.758
2008-12-15 00:00:00,1.716
2008-12-22 00:00:00,1.71
2008-12-29 00:00:00,1.67
2009-01-05 00:00:00,1.737
2009-01-12 00:00:00,1.835
2009-01-19 00:00:00,1.898
2009-01-26 00:00:00,1.89
2009-02-02 00:00:00,1.944
2009-02-09 00:00:00,1.978
2009-02-16 00:00:00,2.016
2009-02-23 00:00:00,1.963
2009-03-02 00:00:00,1.988
2009-03-09 00:00:00,1.993
2009-03-16 00:00:00,1.964
2009-03-23 00:00:00,2.014
2009-03-30 00:00:00,2.097
2009-04-06 00:00:00,2.09
2009-04-13 00:00:00,2.104
2009-04-20 00:00:00,2.112
2009-04-27 00:00:00,2.102
2009-05-04 00:00:00,2.129
2009-05-11 00:00:00,2.29
2009-05-18 00:00:00,2.36
2009-05-25 00:00:00,2.485
2009-06-01 00:00:00,2.572
2009-06-08 00:00:00,2.673
2009-06-15 00:00:00,2.722
2009-06-22 00:00:00,2.743
2009-06-29 00:00:00,2.695
2009-07-06 00:00:00,2.666
2009-07-13 00:00:00,2.584
2009-07-20 00:00:00,2.519
2009-07-27 00:00:00,2.557
2009-08-03 00:00:00,2.61
2009-08-10 00:00:00,2.7
2009-08-17 00:00:00,2.691
2009-08-24 00:00:00,2.682
2009-08-31 00:00:00,2.667
2009-09-07 00:00:00,2.642
2009-09-14 00:00:00,2.632
2009-09-21 00:00:00,2.607
2009-09-28 00:00:00,2.554
2009-10-05 00:00:00,2.523
2009-10-12 00:00:00,2.543
2009-10-19 00:00:00,2.626
2009-10-26 00:00:00,2.727
2009-11-02 00:00:00,2.746
2009-11-09 00:00:00,2.72
2009-11-16 00:00:00,2.684
2009-11-23 00:00:00,2.694
2009-11-30 00:00:00,2.684
2009-12-07 00:00:00,2.689
2009-12-14 00:00:00,2.655
2009-12-21 00:00:00,2.645
2009-12-28 00:00:00,2.662
2010-01-04 00:00:00,2.718
2010-01-11 00:00:00,2.804
2010-01-18 00:00:00,2.793
2010-01-25 00:00:00,2.76
2010-02-01 00:00:00,2.717
2010-02-08 00:00:00,2.707
2010-02-15 00:00:00,2.664
2010-02-22 00:00:00,2.709
2010-03-01 00:00:00,2.756
2010-03-08 00:00:00,2.804
2010-03-15 00:00:00,2.841
2010-03-22 00:00:00,2.87
2010-03-29 00:00:00,2.851
2010-04-05 00:00:00,2.877
2010-04-12 00:00:00,2.909
2010-04-19 00:00:00,2.911
2010-04-26 00:00:00,2.901
2010-05-03 00:00:00,2.95
2010-05-10 00:00:00,2.958
2010-05-17 00:00:00,2.918
2010-05-24 00:00:00,2.842
2010-05-31 00:00:00,2.784
2010-06-07 00:00:00,2.78
2010-06-14 00:00:00,2.756
2010-06-21 00:00:00,2.795
2010-06-28 00:00:00,2.809
2010-07-05 00:00:00,2.779
2010-07-12 00:00:00,2.771
2010-07-19 00:00:00,2.775
2010-07-26 00:00:00,2.801
2010-08-02 00:00:00,2.788
2010-08-09 00:00:00,2.835
2010-08-16 00:00:00,2.798
2010-08-23 00:00:00,2.759
2010-08-30 00:00:00,2.736
2010-09-06 00:00:00,2.735
2010-09-13 00:00:00,2.772
2010-09-20 00:00:00,2.775
2010-09-27 00:00:00,2.747
2010-10-04 00:00:00,2.784
2010-10-11 00:00:00,2.871
2010-10-18 00:00:00,2.887
2010-10-25 00:00:00,2.87
2010-11-01 00:00:00,2.861
2010-11-08 00:00:00,2.917
2010-11-15 00:00:00,2.944
2010-11-22 00:00:00,2.931
2010-11-29 00:00:00,2.912
2010-12-06 00:00:00,3.013
2010-12-13 00:00:00,3.035
2010-12-20 00:00:00,3.037
2010-12-27 00:00:00,3.106
2011-01-03 00:00:00,3.124
2011-01-10 00:00:00,3.142
2011-01-17 00:00:00,3.158
2011-01-24 00:00:00,3.163
2011-01-31 00:00:00,3.155
2011-02-07 00:00:00,3.185
2011-02-14 00:00:00,3.193
2011-02-21 00:00:00,3.243
2011-02-28 00:00:00,3.435
2011-03-07 00:00:00,3.572
2011-03-14 00:00:00,3.621
2011-03-21 00:00:00,3.617
2011-03-28 00:00:00,3.65
2011-04-04 00:00:00,3.737
2011-04-11 00:00:00,3.843
2011-04-18 00:00:00,3.896
2011-04-25 00:00:00,3.932
2011-05-02 00:00:00,4.014
2011-05-09 00:00:00,4.018
2011-05-16 00:00:00,4.014
2011-05-23 00:00:00,3.904
2011-05-30 00:00:00,3.848
2011-06-06 00:00:00,3.833
2011-06-13 00:00:00,3.767
2011-06-20 00:00:00,3.708
2011-06-27 00:00:00,3.631
2011-07-04 00:00:00,3.634
2011-07-11 00:00:00,3.695
2011-07-18 00:00:00,3.736
2011-07-25 00:00:00,3.754
2011-08-01 00:00:00,3.766
2011-08-08 00:00:00,3.73
2011-08-15 00:00:00,3.662
2011-08-22 00:00:00,3.638
2011-08-29 00:00:00,3.682
2011-09-05 00:00:00,3.727
2011-09-12 00:00:00,3.715
2011-09-19 00:00:00,3.657
2011-09-26 00:00:00,3.568
2011-10-03 00:00:00,3.492
2011-10-10 00:00:00,3.476
2011-10-17 00:00:00,3.533
2011-10-24 00:00:00,3.52
2011-10-31 00:00:00,3.511
2011-11-07 00:00:00,3.482
2011-11-14 00:00:00,3.495
2011-11-21 00:00:00,3.427
2011-11-28 00:00:00,3.368
2011-12-05 00:00:00,3.35
2011-12-12 00:00:00,3.346
2011-12-19 00:00:00,3.29
2011-12-26 00:00:00,3.317
2012-01-02 00:00:00,3.358
2012-01-09 00:00:00,3.441
2012-01-16 00:00:00,3.451
2012-01-23 00:00:00,3.45
2012-01-30 00:00:00,3.5
2012-02-06 00:00:00,3.542
2012-02-13 00:00:00,3.584
2012-02-20 00:00:00,3.652
2012-02-27 00:00:00,3.78
2012-03-05 00:00:00,3.849
2012-03-12 00:00:00,3.884
2012-03-19 00:00:00,3.923
2012-03-26 00:00:00,3.973
2012-04-02 00:00:00,3.996
2012-04-09 00:00:00,3.997
2012-04-16 00:00:00,3.98
2012-04-23 00:00:00,3.929
2012-04-30 00:00:00,3.889
2012-05-07 00:00:00,3.849
2012-05-14 00:00:00,3.814
2012-05-21 00:00:00,3.773
2012-05-28 00:00:00,3.728
2012-06-04 00:00:00,3.671
2012-06-11 00:00:00,3.629
2012-06-18 00:00:00,3.589
2012-06-25 00:00:00,3.494
2012-07-02 00:00:00,3.415
2012-07-09 00:00:00,3.469
2012-07-16 00:00:00,3.485
2012-07-23 00:00:00,3.554
2012-07-30 00:00:00,3.568
2012-08-06 00:00:00,3.702
2012-08-13 00:00:00,3.779
2012-08-20 00:00:00,3.803
2012-08-27 00:00:00,3.837
2012-09-03 00:00:00,3.903
2012-09-10 00:00:00,3.907
2012-09-17 00:00:00,3.939
2012-09-24 00:00:00,3.889
2012-10-01 00:00:00,3.866
2012-10-08 00:00:00,3.914
2012-10-15 00:00:00,3.886
2012-10-22 00:00:00,3.756
2012-10-29 00:00:00,3.638
2012-11-05 00:00:00,3.563
2012-11-12 00:00:00,3.518
2012-11-19 00:00:00,3.497
2012-11-26 00:00:00,3.505
2012-12-03 00:00:00,3.463
2012-12-10 00:00:00,3.419
2012-12-17 00:00:00,3.324
2012-12-24 00:00:00,3.328
2012-12-31 00:00:00,3.369
2013-01-07 00:00:00,3.373
2013-01-14 00:00:00,3.377
2013-01-21 00:00:00,3.386
2013-01-28 00:00:00,3.427
2013-02-04 00:00:00,3.604
2013-02-11 00:00:00,3.677
2013-02-18 00:00:00,3.812
2013-02-25 00:00:00,3.851
2013-03-04 00:00:00,3.826
2013-03-11 00:00:00,3.779
2013-03-18 00:00:00,3.764
2013-03-25 00:00:00,3.746
2013-04-01 00:00:00,3.714
2013-04-08 00:00:00,3.676
2013-04-15 00:00:00,3.611
2013-04-22 00:00:00,3.603
2013-04-29 00:00:00,3.587
2013-05-06 00:00:00,3.602
2013-05-13 00:00:00,3.665
2013-05-20 00:00:00,3.729
2013-05-27 00:00:00,3.704
2013-06-03 00:00:00,3.705
2013-06-10 00:00:00,3.715
2013-06-17 00:00:00,3.689
2013-06-24 00:00:00,3.645
2013-07-01 00:00:00,3.567
2013-07-08 00:00:00,3.563
2013-07-15 00:00:00,3.706
2013-07-22 00:00:00,3.751
2013-07-29 00:00:00,3.716
2013-08-05 00:00:00,3.701
2013-08-12 00:00:00,3.633
2013-08-19 00:00:00,3.622
2013-08-26 00:00:00,3.623
2013-09-02 00:00:00,3.678
2013-09-09 00:00:00,3.658
2013-09-16 00:00:00,3.619
2013-09-23 00:00:00,3.567
2013-09-30 00:00:00,3.499
2013-10-07 00:00:00,3.441
2013-10-14 00:00:00,3.43
2013-10-21 00:00:00,3.435
2013-10-28 00:00:00,3.372
2013-11-04 00:00:00,3.343
2013-11-11 00:00:00,3.274
2013-11-18 00:00:00,3.298
2013-11-25 00:00:00,3.372
2013-12-02 00:00:00,3.353
2013-12-09 00:00:00,3.35
2013-12-16 00:00:00,3.321
2013-12-23 00:00:00,3.351
2013-12-30 00:00:00,3.409
2014-01-06 00:00:00,3.411
2014-01-13 00:00:00,3.406
2014-01-20 00:00:00,3.376
2014-01-27 00:00:00,3.375
2014-02-03 00:00:00,3.372
2014-02-10 00:00:00,3.388
2014-02-17 00:00:00,3.457
2014-02-24 00:00:00,3.52
2014-03-03 00:00:00,3.553
2014-03-10 00:00:00,3.584
2014-03-17 00:00:00,3.619
2014-03-24 00:00:00,3.622
2014-03-31 00:00:00,3.651
2014-04-07 00:00:00,3.67
2014-04-14 00:00:00,3.725
2014-04-21 00:00:00,3.758
2014-04-28 00:00:00,3.788
2014-05-05 00:00:00,3.761
2014-05-12 00:00:00,3.746
2014-05-19 00:00:00,3.743
2014-05-26 00:00:00,3.75
2014-06-02 00:00:00,3.765
2014-06-09 00:00:00,3.749
2014-06-16 00:00:00,3.76
2014-06-23 00:00:00,3.778
2014-06-30 00:00:00,3.778
2014-07-07 00:00:00,3.753
2014-07-14 00:00:00,3.712
2014-07-21 00:00:00,3.671
2014-07-28 00:00:00,3.617
2014-08-04 00:00:00,3.595
2014-08-11 00:00:00,3.582
2014-08-18 00:00:00,3.549
2014-08-25 00:00:00,3.532
2014-09-01 00:00:00,3.536
2014-09-08 00:00:00,3.534
2014-09-15 00:00:00,3.485
2014-09-22 00:00:00,3.432
2014-09-29 00:00:00,3.434
2014-10-06 00:00:00,3.382
2014-10-13 00:00:00,3.292
2014-10-20 00:00:00,3.205
2014-10-27 00:00:00,3.139
2014-11-03 00:00:00,3.077
2014-11-10 00:00:00,3.025
2014-11-17 00:00:00,2.978
2014-11-24 00:00:00,2.907
2014-12-01 00:00:00,2.864
2014-12-08 00:00:00,2.767
2014-12-15 00:00:00,2.643
2014-12-22 00:00:00,2.496
2014-12-29 00:00:00,2.392
2015-01-05 00:00:00,2.308
2015-01-12 00:00:00,2.232
2015-01-19 00:00:00,2.157
2015-01-26 00:00:00,2.133
2015-02-02 00:00:00,2.154
2015-02-09 00:00:00,2.276
2015-02-16 00:00:00,2.358
2015-02-23 00:00:00,2.415
2015-03-02 00:00:00,2.556
2015-03-09 00:00:00,2.57
2015-03-16 00:00:00,2.537
2015-03-23 00:00:00,2.538
2015-03-30 00:00:00,2.531
2015-04-06 00:00:00,2.499
2015-04-13 00:00:00,2.494
2015-04-20 00:00:00,2.57
2015-04-27 00:00:00,2.656
2015-05-04 00:00:00,2.749
2015-05-11 00:00:00,2.776
2015-05-18 00:00:00,2.827
2015-05-25 00:00:00,2.857
2015-06-01 00:00:00,2.863
2015-06-08 00:00:00,2.863
2015-06-15 00:00:00,2.918
2015-06-22 00:00:00,2.895
2015-06-29 00:00:00,2.885
2015-07-06 00:00:00,2.877
2015-07-13 00:00:00,2.92
2015-07-20 00:00:00,2.888
2015-07-27 00:00:00,2.833
2015-08-03 00:00:00,2.779
2015-08-10 00:00:00,2.72
2015-08-17 00:00:00,2.803
2015-08-24 00:00:00,2.726
2015-08-31 00:00:00,2.602
2015-09-07 00:00:00,2.532
2015-09-14 00:00:00,2.471
2015-09-21 00:00:00,2.425
2015-09-28 00:00:00,2.418
2015-10-05 00:00:00,2.415
2015-10-12 00:00:00,2.432
2015-10-19 00:00:00,2.374
2015-10-26 00:00:00,2.326
2015-11-02 00:00:00,2.322
2015-11-09 00:00:00,2.335
2015-11-16 00:00:00,2.281
2015-11-23 00:00:00,2.198
2015-11-30 00:00:00,2.165
2015-12-07 00:00:00,2.159
2015-12-14 00:00:00,2.144
2015-12-21 00:00:00,2.133
2015-12-28 00:00:00,2.141
2016-01-04 00:00:00,2.135
2016-01-11 00:00:00,2.104
2016-01-18 00:00:00,2.022
2016-01-25 00:00:00,1.965
2016-02-01 00:00:00,1.932
2016-02-08 00:00:00,1.87
2016-02-15 00:00:00,1.834
2016-02-22 00:00:00,1.837
2016-02-29 00:00:00,1.887
2016-03-07 00:00:00,1.943
2016-03-14 00:00:00,2.062
2016-03-21 00:00:00,2.109
2016-03-28 00:00:00,2.169
2016-04-04 00:00:00,2.185
2016-04-11 00:00:00,2.173
2016-04-18 00:00:00,2.24
2016-04-25 00:00:00,2.265
2016-05-02 00:00:00,2.342
2016-05-09 00:00:00,2.325
2016-05-16 00:00:00,2.345
2016-05-23 00:00:00,2.403
2016-05-30 00:00:00,2.44
2016-06-06 00:00:00,2.482
2016-06-13 00:00:00,2.499
2016-06-20 00:00:00,2.455
2016-06-27 00:00:00,2.432
2016-07-04 00:00:00,2.396
2016-07-11 00:00:00,2.359
2016-07-18 00:00:00,2.336
2016-07-25 00:00:00,2.289
2016-08-01 00:00:00,2.267
2016-08-08 00:00:00,2.256
2016-08-15 00:00:00,2.256
2016-08-22 00:00:00,2.299
2016-08-29 00:00:00,2.341
2016-09-05 00:00:00,2.329
2016-09-12 00:00:00,2.31
2016-09-19 00:00:00,2.333
2016-09-26 00:00:00,2.334
2016-10-03 00:00:00,2.354
2016-10-10 00:00:00,2.381
2016-10-17 00:00:00,2.367
2016-10-24 00:00:00,2.353
2016-10-31 00:00:00,2.341
2016-11-07 00:00:00,2.345
2016-11-14 00:00:00,2.298
2016-11-21 00:00:00,2.269
2016-11-28 00:00:00,2.268
2016-12-05 00:00:00,2.321
2016-12-12 00:00:00,2.347
2016-12-19 00:00:00,2.375
2016-12-26 00:00:00,2.419
2017-01-02 00:00:00,2.485
2017-01-09 00:00:00,2.496
2017-01-16 00:00:00,2.467
2017-01-23 00:00:00,2.436
2017-01-30 00:00:00,2.408
2017-02-06 00:00:00,2.405
2017-02-13 00:00:00,2.418
2017-02-20 00:00:00,2.414
2017-02-27 00:00:00,2.427
2017-03-06 00:00:00,2.452
2017-03-13 00:00:00,2.434
2017-03-20 00:00:00,2.433
2017-03-27 00:00:00,2.428
2017-04-03 00:00:00,2.471
2017-04-10 00:00:00,2.534
2017-04-17 00:00:00,2.546
2017-04-24 00:00:00,2.559
2017-05-01 00:00:00,2.522
2017-05-08 00:00:00,2.484
2017-05-15 00:00:00,2.481
2017-05-22 00:00:00,2.51
2017-05-29 00:00:00,2.516
2017-06-05 00:00:00,2.525
2017-06-12 00:00:00,2.479
2017-06-19 00:00:00,2.433
2017-06-26 00:00:00,2.404
2017-07-03 00:00:00,2.376
2017-07-10 00:00:00,2.411
2017-07-17 00:00:00,2.392
2017-07-24 00:00:00,2.426
2017-07-31 00:00:00,2.467
2017-08-07 00:00:00,2.492
2017-08-14 00:00:00,2.497
2017-08-21 00:00:00,2.474
2017-08-28 00:00:00,2.513
2017-09-04 00:00:00,2.794
2017-09-11 00:00:00,2.8
2017-09-18 00:00:00,2.75
2017-09-25 00:00:00,2.701
2017-10-02 00:00:00,2.682
2017-10-09 00:00:00,2.622
2017-10-16 00:00:00,2.605
2017-10-23 00:00:00,2.594
2017-10-30 00:00:00,2.602
2017-11-06 00:00:00,2.673
2017-11-13 00:00:00,2.706
2017-11-20 00:00:00,2.683
2017-11-27 00:00:00,2.648
2017-12-04 00:00:00,2.617
2017-12-11 00:00:00,2.601
2017-12-18 00:00:00,2.568
2017-12-25 00:00:00,2.589
2018-01-01 00:00:00,2.637
2018-01-08 00:00:00,2.639
2018-01-15 00:00:00,2.673
2018-01-22 00:00:00,2.684
2018-01-29 00:00:00,2.723
2018-02-05 00:00:00,2.753
2018-02-12 00:00:00,2.724
2018-02-19 00:00:00,2.676
2018-02-26 00:00:00,2.666
2018-03-05 00:00:00,2.679
2018-03-12 00:00:00,2.677
2018-03-19 00:00:00,2.716
2018-03-26 00:00:00,2.764
2018-04-02 00:00:00,2.817
2018-04-09 00:00:00,2.811
2018-04-16 00:00:00,2.863
2018-04-23 00:00:00,2.914
2018-04-30 00:00:00,2.961
2018-05-07 00:00:00,2.96
2018-05-14 00:00:00,2.949
2018-05-21 00:00:00,2.999
2018-05-28 00:00:00,3.039
2018-06-04 00:00:00,3.018
2018-06-11 00:00:00,2.989
2018-06-18 00:00:00,2.958
2018-06-25 00:00:00,2.913
2018-07-02 00:00:00,2.924
2018-07-09 00:00:00,2.937
2018-07-16 00:00:00,2.943
2018-07-23 00:00:00,2.911
2018-07-30 00:00:00,2.924
2018-08-06 00:00:00,2.93
2018-08-13 00:00:00,2.921
2018-08-20 00:00:00,2.9
2018-08-27 00:00:00,2.906
2018-09-03 00:00:00,2.903
2018-09-10 00:00:00,2.912
2018-09-17 00:00:00,2.921
2018-09-24 00:00:00,2.923
2018-10-01 00:00:00,2.947
2018-10-08 00:00:00,2.984
2018-10-15 00:00:00,2.961
2018-10-22 00:00:00,2.925
2018-10-29 00:00:00,2.896
2018-11-05 00:00:00,2.84
2018-11-12 00:00:00,2.773
2018-11-19 00:00:00,2.7
2018-11-26 00:00:00,2.63
2018-12-03 00:00:00,2.544
2018-12-10 00:00:00,2.511
2018-12-17 00:00:00,2.46
2018-12-24 00:00:00,2.413
2018-12-31 00:00:00,2.358
2019-01-07 00:00:00,2.329
2019-01-14 00:00:00,2.338
2019-01-21 00:00:00,2.34
2019-01-28 00:00:00,2.343
2019-02-04 00:00:00,2.341
2019-02-11 00:00:00,2.361
2019-02-18 00:00:00,2.4
2019-02-25 00:00:00,2.471
2019-03-04 00:00:00,2.502
2019-03-11 00:00:00,2.549
2019-03-18 00:00:00,2.625
2019-03-25 00:00:00,2.701
2019-04-01 00:00:00,2.77
2019-04-08 00:00:00,2.826
2019-04-15 00:00:00,2.912
2019-04-22 00:00:00,2.926
2019-04-29 00:00:00,2.972
2019-05-06 00:00:00,2.983
2019-05-13 00:00:00,2.954
2019-05-20 00:00:00,2.939
2019-05-27 00:00:00,2.909
2019-06-03 00:00:00,2.893
2019-06-10 00:00:00,2.821
2019-06-17 00:00:00,2.759
2019-06-24 00:00:00,2.741
2019-07-01 00:00:00,2.798
2019-07-08 00:00:00,2.827
2019-07-15 00:00:00,2.86
2019-07-22 00:00:00,2.833
2019-07-29 00:00:00,2.798
2019-08-05 00:00:00,2.772
2019-08-12 00:00:00,2.71
2019-08-19 00:00:00,2.684
2019-08-26 00:00:00,2.661
2019-09-02 00:00:00,2.651
2019-09-09 00:00:00,2.638
2019-09-16 00:00:00,2.64
2019-09-23 00:00:00,2.741
2019-09-30 00:00:00,2.737
2019-10-07 00:00:00,2.742
2019-10-14 00:00:00,2.727
2019-10-21 00:00:00,2.735
2019-10-28 00:00:00,2.692
2019-11-04 00:00:00,2.702
2019-11-11 00:00:00,2.711
2019-11-18 00:00:00,2.688
2019-11-25 00:00:00,2.672
2019-12-02 00:00:00,2.667
2019-12-09 00:00:00,2.652
2019-12-16 00:00:00,2.627
2019-12-23 00:00:00,2.621
2019-12-30 00:00:00,2.658
2020-01-06 00:00:00,2.665
2020-01-13 00:00:00,2.657
2020-01-20 00:00:00,2.625
2020-01-27 00:00:00,2.595
2020-02-03 00:00:00,2.546
2020-02-10 00:00:00,2.511
2020-02-17 00:00:00,2.518
2020-02-24 00:00:00,2.555
2020-03-02 00:00:00,2.514
2020-03-09 00:00:00,2.468
2020-03-16 00:00:00,2.343
2020-03-23 00:00:00,2.217
2020-03-30 00:00:00,2.103
2020-04-06 00:00:00,2.022
2020-04-13 00:00:00,1.951
2020-04-20 00:00:00,1.91
2020-04-27 00:00:00,1.87
2020-05-04 00:00:00,1.883
2020-05-11 00:00:00,1.941
2020-05-18 00:00:00,1.969
2020-05-25 00:00:00,2.049
2020-06-01 00:00:00,2.064
2020-06-08 00:00:00,2.123
2020-06-15 00:00:00,2.185
2020-06-22 00:00:00,2.216
2020-06-29 00:00:00,2.26
2020-07-06 00:00:00,2.265
2020-07-13 00:00:00,2.283
2020-07-20 00:00:00,2.275
2020-07-27 00:00:00,2.265
2020-08-03 00:00:00,2.266
2020-08-10 00:00:00,2.256
2020-08-17 00:00:00,2.256
2020-08-24 00:00:00,2.272
2020-08-31 00:00:00,2.311
2020-09-07 00:00:00,2.302
2020-09-14 00:00:00,2.274
2020-09-21 00:00:00,2.259
2020-09-28 00:00:00,2.259
2020-10-05 00:00:00,2.262
2020-10-12 00:00:00,2.257
2020-10-19 00:00:00,2.24
2020-10-26 00:00:00,2.234
2020-11-02 00:00:00,2.204
2020-11-09 00:00:00,2.188
2020-11-16 00:00:00,2.202
2020-11-23 00:00:00,2.194
2020-11-30 00:00:00,2.211
2020-12-07 00:00:00,2.246
2020-12-14 00:00:00,2.247
2020-12-21 00:00:00,2.311
2020-12-28 00:00:00,2.33
2021-01-04 00:00:00,2.336
2021-01-11 00:00:00,2.403
2021-01-18 00:00:00,2.464
2021-01-25 00:00:00,2.478
2021-02-01 00:00:00,2.495
2021-02-08 00:00:00,2.548
2021-02-15 00:00:00,2.588
2021-02-22 00:00:00,2.717
2021-03-01 00:00:00,2.796
2021-03-08 00:00:00,2.857
2021-03-15 00:00:00,2.94
2021-03-22 00:00:00,2.954
2021-03-29 00:00:00,2.941
2021-04-05 00:00:00,2.945
2021-04-12 00:00:00,2.939
2021-04-19 00:00:00,2.945
2021-04-26 00:00:00,2.962
2021-05-03 00:00:00,2.981
2021-05-10 00:00:00,3.051
2021-05-17 00:00:00,3.118
2021-05-24 00:00:00,3.112
2021-05-31 00:00:00,3.119
2021-06-07 00:00:00,3.128
2021-06-14 00:00:00,3.161
2021-06-21 00:00:00,3.153
2021-06-28 00:00:00,3.185
2021-07-05 00:00:00,3.216
2021-07-12 00:00:00,3.227
2021-07-19 00:00:00,3.247
2021-07-26 00:00:00,3.232
2021-08-02 00:00:00,3.256
2021-08-09 00:00:00,3.269
2021-08-16 00:00:00,3.272
2021-08-23 00:00:00,3.243
2021-08-30 00:00:00,3.237
2021-09-06 00:00:00,3.273
2021-09-13 00:00:00,3.262
2021-09-20 00:00:00,3.28
2021-09-27 00:00:00,3.271
2021-10-04 00:00:00,3.285
2021-10-11 00:00:00,3.36
2021-10-18 00:00:00,3.416
2021-10-25 00:00:00,3.476
2021-11-01 00:00:00,3.484
2021-11-08 00:00:00,3.505
2021-11-15 00:00:00,3.495
2021-11-22 00:00:00,3.493
2021-11-29 00:00:00,3.478
2021-12-06 00:00:00,3.44
2021-12-13 00:00:00,3.414
2021-12-20 00:00:00,3.395
2021-12-27 00:00:00,3.375
2022-01-03 00:00:00,3.381
2022-01-10 00:00:00,3.394
2022-01-17 00:00:00,3.404
2022-01-24 00:00:00,3.421
2022-01-31 00:00:00,3.464
2022-02-07 00:00:00,3.538
2022-02-14 00:00:00,3.581
2022-02-21 00:00:00,3.624
2022-02-28 00:00:00,3.701
2022-03-07 00:00:00,4.196
2022-03-14 00:00:00,4.414
2022-03-21 00:00:00,4.343
2022-03-28 00:00:00,4.334
2022-04-04 00:00:00,4.274
2022-04-11 00:00:00,4.196
2022-04-18 00:00:00,4.17
2022-04-25 00:00:00,4.211
2022-05-02 00:00:00,4.285
2022-05-09 00:00:00,4.428
2022-05-16 00:00:00,4.591
2022-05-23 00:00:00,4.694
2022-05-30 00:00:00,4.727
2022-06-06 00:00:00,4.977
2022-06-13 00:00:00,5.107
2022-06-20 00:00:00,5.066
2022-06-27 00:00:00,4.979
2022-07-04 00:00:00,4.879
2022-07-11 00:00:00,4.754
2022-07-18 00:00:00,4.599
2022-07-25 00:00:00,4.44
2022-08-01 00:00:00,4.304
2022-08-08 00:00:00,4.151
2022-08-15 00:00:00,4.051
2022-08-22 00:00:00,3.993
2022-08-29 00:00:00,3.938
2022-09-05 00:00:00,3.859
2022-09-12 00:00:00,3.805
2022-09-19 00:00:00,3.771
2022-09-26 00:00:00,3.832
2022-10-03 00:00:00,3.909
2022-10-10 00:00:00,4.034
2022-10-17 00:00:00,3.99
2022-10-24 00:00:00,3.887
2022-10-31 00:00:00,3.857
2022-11-07 00:00:00,3.909
2022-11-14 00:00:00,3.876
2022-11-21 00:00:00,3.763
2022-11-28 00:00:00,3.649
2022-12-05 00:00:00,3.504
2022-12-12 00:00:00,3.353
2022-12-19 00:00:00,3.234
2022-12-26 00:00:00,3.203
2023-01-02 00:00:00,3.331
2023-01-09 00:00:00,3.366
2023-01-16 00:00:00,3.416
2023-01-23 00:00:00,3.519
2023-01-30 00:00:00,3.594
2023-02-06 00:00:00,3.552
2023-02-13 00:00:00,3.502
2023-02-20 00:00:00,3.494
2023-02-27 00:00:00,3.457
2023-03-06 00:00:00,3.505
2023-03-13 00:00:00,3.568
2023-03-20 00:00:00,3.534
2023-03-27 00:00:00,3.533
2023-04-03 00:00:00,3.606
2023-04-10 00:00:00,3.703
2023-04-17 00:00:00,3.769
2023-04-24 00:00:00,3.765
2023-05-01 00:00:00,3.711
2023-05-08 00:00:00,3.644
2023-05-15 00:00:00,3.647
2023-05-22 00:00:00,3.645
2023-05-29 00:00:00,3.684
2023-06-05 00:00:00,3.655
2023-06-12 00:00:00,3.707
2023-06-19 00:00:00,3.69
2023-06-26 00:00:00,3.685
2023-07-03 00:00:00,3.643
2023-07-10 00:00:00,3.663
2023-07-17 00:00:00,3.676
2023-07-24 00:00:00,3.711
2023-07-31 00:00:00,3.869
2023-08-07 00:00:00,3.94
2023-08-14 00:00:00,3.962
2023-08-21 00:00:00,3.984
2023-08-28 00:00:00,3.931
2023-09-04 00:00:00,3.925
2023-09-11 00:00:00,3.941
2023-09-18 00:00:00,4.001
2023-09-25 00:00:00,3.963
2023-10-02 00:00:00,3.93
2023-10-09 00:00:00,3.814
2023-10-16 00:00:00,3.706
2023-10-23 00:00:00,3.66
2023-10-30 00:00:00,3.6
2023-11-06 00:00:00,3.52
2023-11-13 00:00:00,3.473
2023-11-20 00:00:00,3.414
2023-11-27 00:00:00,3.363
2023-12-04 00:00:00,3.355
2023-12-11 00:00:00,3.259
2023-12-18 00:00:00,3.176
2023-12-25 00:00:00,3.238
2024-01-01 00:00:00,3.213
2024-01-08 00:00:00,3.197
2024-01-15 00:00:00,3.179
2024-01-22 00:00:00,3.181
2024-01-29 00:00:00,3.214
2024-02-05 00:00:00,3.254
2024-02-12 00:00:00,3.309
2024-02-19 00:00:00,3.385
2024-02-26 00:00:00,3.365
2024-03-04 00:00:00,3.466
2024-03-11 00:00:00,3.492
2024-03-18 00:00:00,3.569
2024-03-25 00:00:00,3.639
2024-04-01 00:00:00,3.636
2024-04-08 00:00:00,3.712
2024-04-15 00:00:00,3.751
2024-04-22 00:00:00,3.791
2024-04-29 00:00:00,3.777
2024-05-06 00:00:00,3.766
2024-05-13 00:00:00,3.731
2024-05-20 00:00:00,3.706
2024-05-27 00:00:00,3.698
2024-06-03 00:00:00,3.638
2024-06-10 00:00:00,3.551
2024-06-17 00:00:00,3.556
2024-06-24 00:00:00,3.557
2024-07-01 00:00:00,3.595
2024-07-08 00:00:00,3.608
2024-07-15 00:00:00,3.614
2024-07-22 00:00:00,3.587
2024-07-29 00:00:00,3.598
2024-08-05 00:00:00,3.563
2024-08-12 00:00:00,3.53
2024-08-19 00:00:00,3.5
2024-08-26 00:00:00,3.433
2024-09-02 00:00:00,3.411
2024-09-09 00:00:00,3.36
2024-09-16 00:00:00,3.307
2024-09-23 00:00:00,3.311
2024-09-30 00:00:00,3.303
2024-10-07 00:00:00,3.26
2024-10-14 00:00:00,3.294
2024-10-21 00:00:00,3.268
2024-10-28 00:00:00,3.22
2024-11-04 00:00:00,3.191
2024-11-11 00:00:00,3.176
2024-11-18 00:00:00,3.168
2024-11-25 00:00:00,3.166
2024-12-02 00:00:00,3.156
2024-12-09 00:00:00,3.131
2024-12-16 00:00:00,3.137
2024-12-23 00:00:00,3.145
2024-12-30 00:00:00,3.128
2025-01-06 00:00:00,3.168
2025-01-13 00:00:00,3.164
2025-01-20 00:00:00,3.229
2025-01-27 00:00:00,3.224
2025-02-03 00:00:00,3.205
2025-02-10 00:00:00,3.253
2025-02-17 00:00:00,3.276
2025-02-24 00:00:00,3.255
2025-03-03 00:00:00,3.206
2025-03-10 00:00:00,3.197
2025-03-17 00:00:00,3.184
2025-03-24 00:00:00,3.24
2025-03-31 00:00:00,3.288
2025-04-07 00:00:00,3.37
2025-04-14 00:00:00,3.295
2025-04-21 00:00:00,3.268
2025-04-28 00:00:00,3.261
2025-05-05 00:00:00,3.273
2025-05-12 00:00:00,3.249
2025-05-19 00:00:00,3.302
2025-05-26 00:00:00,3.288
2025-06-02 00:00:00,3.256
2025-06-09 00:00:00,3.235
2025-06-16 00:00:00,3.265
2025-06-23 00:00:00,3.338
2025-06-30 00:00:00,3.288
2025-07-07 00:00:00,3.251
2025-07-14 00:00:00,3.254
2025-07-21 00:00:00,3.246
2025-07-28 00:00:00,3.247
2025-08-04 00:00:00,3.265
2025-08-11 00:00:00,3.243
