Date,Passengers,GasPrice,UnemploymentRate,AverageFarePrice,LaborDayWeekend
2022-01-01,1616850,3.375,4.0,368.64,False
2022-01-02,2026176,3.375,4.0,368.64,False
2022-01-03,1921966,3.381,4.0,368.64,False
2022-01-04,1673499,3.381,4.0,368.64,False
2022-01-05,1501170,3.381,4.0,368.64,False
2022-01-06,1543985,3.381,4.0,368.64,False
2022-01-07,1518098,3.381,4.0,368.64,False
2022-01-08,1450135,3.381,4.0,368.64,False
2022-01-09,1706857,3.381,4.0,368.64,False
2022-01-10,1453110,3.394,4.0,368.64,False
2022-01-11,1129725,3.394,4.0,368.64,False
2022-01-12,1234827,3.394,4.0,368.64,False
2022-01-13,1543648,3.394,4.0,368.64,False
2022-01-14,1741376,3.394,4.0,368.64,False
2022-01-15,1421612,3.394,4.0,368.64,False
2022-01-16,1438492,3.394,4.0,368.64,False
2022-01-17,1704328,3.404,4.0,368.64,False
2022-01-18,1301256,3.404,4.0,368.64,False
2022-01-19,1201589,3.404,4.0,368.64,False
2022-01-20,1470973,3.404,4.0,368.64,False
2022-01-21,1514895,3.404,4.0,368.64,False
2022-01-22,1246901,3.404,4.0,368.64,False
2022-01-23,1649090,3.404,4.0,368.64,False
2022-01-24,1399342,3.421,4.0,368.64,False
2022-01-25,1063856,3.421,4.0,368.64,False
2022-01-26,1200998,3.421,4.0,368.64,False
2022-01-27,1560893,3.421,4.0,368.64,False
2022-01-28,1634225,3.421,4.0,368.64,False
2022-01-29,1070815,3.421,4.0,368.64,False
2022-01-30,1716055,3.421,4.0,368.64,False
2022-01-31,1539356,3.464,4.0,368.64,False
2022-02-01,1203689,3.464,3.8,368.64,False
2022-02-02,1196728,3.464,3.8,368.64,False
2022-02-03,1342502,3.464,3.8,368.64,False
2022-02-04,1583678,3.464,3.8,368.64,False
2022-02-05,1399603,3.464,3.8,368.64,False
2022-02-06,1786681,3.464,3.8,368.64,False
2022-02-07,1592651,3.538,3.8,368.64,False
2022-02-08,1239137,3.538,3.8,368.64,False
2022-02-09,1390835,3.538,3.8,368.64,False
2022-02-10,1786323,3.538,3.8,368.64,False
2022-02-11,1918436,3.538,3.8,368.64,False
2022-02-12,1538874,3.538,3.8,368.64,False
2022-02-13,1821279,3.538,3.8,368.64,False
2022-02-14,1737532,3.581,3.8,368.64,False
2022-02-15,1541222,3.581,3.8,368.64,False
2022-02-16,1670550,3.581,3.8,368.64,False
2022-02-17,1986581,3.581,3.8,368.64,False
2022-02-18,2244042,3.581,3.8,368.64,False
2022-02-19,1826833,3.581,3.8,368.64,False
2022-02-20,2068827,3.581,3.8,368.64,False
2022-02-21,2222002,3.624,3.8,368.64,False
2022-02-22,1785417,3.624,3.8,368.64,False
2022-02-23,1755527,3.624,3.8,368.64,False
2022-02-24,1988432,3.624,3.8,368.64,False
2022-02-25,2104233,3.624,3.8,368.64,False
2022-02-26,1842536,3.624,3.8,368.64,False
2022-02-27,2150118,3.624,3.8,368.64,False
2022-02-28,1984773,3.701,3.8,368.64,False
2022-03-01,1638699,3.701,3.7,368.64,False
2022-03-02,1740923,3.701,3.7,368.64,False
2022-03-03,2053525,3.701,3.7,368.64,False
2022-03-04,2139036,3.701,3.7,368.64,False
2022-03-05,1831741,3.701,3.7,368.64,False
2022-03-06,2184096,3.701,3.7,368.64,False
2022-03-07,2019553,4.196,3.7,368.64,False
2022-03-08,1657723,4.196,3.7,368.64,False
2022-03-09,1850986,4.196,3.7,368.64,False
2022-03-10,2185904,4.196,3.7,368.64,False
2022-03-11,2299583,4.196,3.7,368.64,False
2022-03-12,1998129,4.196,3.7,368.64,False
2022-03-13,2293374,4.196,3.7,368.64,False
2022-03-14,2203639,4.414,3.7,368.64,False
2022-03-15,1870647,4.414,3.7,368.64,False
2022-03-16,2000210,4.414,3.7,368.64,False
2022-03-17,2231375,4.414,3.7,368.64,False
2022-03-18,2319876,4.414,3.7,368.64,False
2022-03-19,2108715,4.414,3.7,368.64,False
2022-03-20,2379182,4.414,3.7,368.64,False
2022-03-21,2177240,4.343,3.7,368.64,False
2022-03-22,1859077,4.343,3.7,368.64,False
2022-03-23,1971979,4.343,3.7,368.64,False
2022-03-24,2255090,4.343,3.7,368.64,False
2022-03-25,2304825,4.343,3.7,368.64,False
2022-03-26,2022231,4.343,3.7,368.64,False
2022-03-27,2313481,4.343,3.7,368.64,False
2022-03-28,2141002,4.334,3.7,368.64,False
2022-03-29,1747597,4.334,3.7,368.64,False
2022-03-30,1887509,4.334,3.7,368.64,False
2022-03-31,2219675,4.334,3.7,368.64,False
2022-04-01,2287653,4.334,3.7,432.83,False
2022-04-02,1922516,4.334,3.7,432.83,False
2022-04-03,2206569,4.334,3.7,432.83,False
2022-04-04,2141153,4.274,3.7,432.83,False
2022-04-05,1850647,4.274,3.7,432.83,False
2022-04-06,1982006,4.274,3.7,432.83,False
2022-04-07,2227151,4.274,3.7,432.83,False
2022-04-08,2327849,4.274,3.7,432.83,False
2022-04-09,1959523,4.274,3.7,432.83,False
2022-04-10,2300909,4.274,3.7,432.83,False
2022-04-11,2188196,4.196,3.7,432.83,False
2022-04-12,1883285,4.196,3.7,432.83,False
2022-04-13,2053892,4.196,3.7,432.83,False
2022-04-14,2354474,4.196,3.7,432.83,False
2022-04-15,2315430,4.196,3.7,432.83,False
2022-04-16,1903886,4.196,3.7,432.83,False
2022-04-17,2214376,4.196,3.7,432.83,False
2022-04-18,2292729,4.17,3.7,432.83,False
2022-04-19,1988681,4.17,3.7,432.83,False
2022-04-20,2034403,4.17,3.7,432.83,False
2022-04-21,2288508,4.17,3.7,432.83,False
2022-04-22,2309474,4.17,3.7,432.83,False
2022-04-23,1915707,4.17,3.7,432.83,False
2022-04-24,2298561,4.17,3.7,432.83,False
2022-04-25,2189296,4.211,3.7,432.83,False
2022-04-26,1870392,4.211,3.7,432.83,False
2022-04-27,1999806,4.211,3.7,432.83,False
2022-04-28,2267171,4.211,3.7,432.83,False
2022-04-29,2286852,4.211,3.7,432.83,False
2022-04-30,1885701,4.211,3.7,432.83,False
2022-05-01,2279287,4.211,3.6,432.83,False
2022-05-02,2146993,4.285,3.6,432.83,False
2022-05-03,1827782,4.285,3.6,432.83,False
2022-05-04,1962832,4.285,3.6,432.83,False
2022-05-05,2240816,4.285,3.6,432.83,False
2022-05-06,2292080,4.285,3.6,432.83,False
2022-05-07,1884883,4.285,3.6,432.83,False
2022-05-08,2255547,4.285,3.6,432.83,False
2022-05-09,2244645,4.428,3.6,432.83,False
2022-05-10,1908906,4.428,3.6,432.83,False
2022-05-11,2030630,4.428,3.6,432.83,False
2022-05-12,2337876,4.428,3.6,432.83,False
2022-05-13,2358444,4.428,3.6,432.83,False
2022-05-14,1984654,4.428,3.6,432.83,False
2022-05-15,2399801,4.428,3.6,432.83,False
2022-05-16,2282944,4.591,3.6,432.83,False
2022-05-17,2042144,4.591,3.6,432.83,False
2022-05-18,2117010,4.591,3.6,432.83,False
2022-05-19,2366865,4.591,3.6,432.83,False
2022-05-20,2356404,4.591,3.6,432.83,False
2022-05-21,1999651,4.591,3.6,432.83,False
2022-05-22,2364240,4.591,3.6,432.83,False
2022-05-23,2339945,4.694,3.6,432.83,False
2022-05-24,2034843,4.694,3.6,432.83,False
2022-05-25,2165771,4.694,3.6,432.83,False
2022-05-26,2399579,4.694,3.6,432.83,False
2022-05-27,2397928,4.694,3.6,432.83,False
2022-05-28,2000335,4.694,3.6,432.83,False
2022-05-29,2103022,4.694,3.6,432.83,False
2022-05-30,2319237,4.727,3.6,432.83,False
2022-05-31,2114935,4.727,3.6,432.83,False
2022-06-01,2023231,4.727,3.6,432.83,False
2022-06-02,2228271,4.727,3.6,432.83,False
2022-06-03,2347283,4.727,3.6,432.83,False
2022-06-04,1992251,4.727,3.6,432.83,False
2022-06-05,2396442,4.727,3.6,432.83,False
2022-06-06,2286429,4.977,3.6,432.83,False
2022-06-07,2067274,4.977,3.6,432.83,False
2022-06-08,2175579,4.977,3.6,432.83,False
2022-06-09,2396538,4.977,3.6,432.83,False
2022-06-10,2443671,4.977,3.6,432.83,False
2022-06-11,2153865,4.977,3.6,432.83,False
2022-06-12,2456971,4.977,3.6,432.83,False
2022-06-13,2389152,5.107,3.6,432.83,False
2022-06-14,2139865,5.107,3.6,432.83,False
2022-06-15,2238873,5.107,3.6,432.83,False
2022-06-16,2387496,5.107,3.6,432.83,False
2022-06-17,2454485,5.107,3.6,432.83,False
2022-06-18,2186387,5.107,3.6,432.83,False
2022-06-19,2398687,5.107,3.6,432.83,False
2022-06-20,2431925,5.066,3.6,432.83,False
2022-06-21,2158912,5.066,3.6,432.83,False
2022-06-22,2197876,5.066,3.6,432.83,False
2022-06-23,2453936,5.066,3.6,432.83,False
2022-06-24,2471808,5.066,3.6,432.83,False
2022-06-25,2198435,5.066,3.6,432.83,False
2022-06-26,2469720,5.066,3.6,432.83,False
2022-06-27,2374892,4.979,3.6,432.83,False
2022-06-28,2147125,4.979,3.6,432.83,False
2022-06-29,2237932,4.979,3.6,432.83,False
2022-06-30,2455588,4.979,3.6,432.83,False
2022-07-01,2501366,4.979,3.5,411.49,False
2022-07-02,2169068,4.979,3.5,411.49,False
2022-07-03,2102878,4.979,3.5,411.49,False
2022-07-04,2086854,4.879,3.5,411.49,False
2022-07-05,2209031,4.879,3.5,411.49,False
2022-07-06,2136035,4.879,3.5,411.49,False
2022-07-07,2245980,4.879,3.5,411.49,False
2022-07-08,2288984,4.879,3.5,411.49,False
2022-07-09,2145996,4.879,3.5,411.49,False
2022-07-10,2443836,4.879,3.5,411.49,False
2022-07-11,2318551,4.754,3.5,411.49,False
2022-07-12,2072335,4.754,3.5,411.49,False
2022-07-13,2188234,4.754,3.5,411.49,False
2022-07-14,2402480,4.754,3.5,411.49,False
2022-07-15,2449536,4.754,3.5,411.49,False
2022-07-16,2196011,4.754,3.5,411.49,False
2022-07-17,2453236,4.754,3.5,411.49,False
2022-07-18,2363728,4.599,3.5,411.49,False
2022-07-19,2142454,4.599,3.5,411.49,False
2022-07-20,2226450,4.599,3.5,411.49,False
2022-07-21,2440027,4.599,3.5,411.49,False
2022-07-22,2464194,4.599,3.5,411.49,False
2022-07-23,2190483,4.599,3.5,411.49,False
2022-07-24,2494885,4.599,3.5,411.49,False
2022-07-25,2386005,4.44,3.5,411.49,False
2022-07-26,2146087,4.44,3.5,411.49,False
2022-07-27,2238047,4.44,3.5,411.49,False
2022-07-28,2414062,4.44,3.5,411.49,False
2022-07-29,2464079,4.44,3.5,411.49,False
2022-07-30,2211091,4.44,3.5,411.49,False
2022-07-31,2486969,4.44,3.5,411.49,False
2022-08-01,2373400,4.304,3.6,411.49,False
2022-08-02,2053497,4.304,3.6,411.49,False
2022-08-03,2117390,4.304,3.6,411.49,False
2022-08-04,2360671,4.304,3.6,411.49,False
2022-08-05,2406372,4.304,3.6,411.49,False
2022-08-06,2178405,4.304,3.6,411.49,False
2022-08-07,2438788,4.304,3.6,411.49,False
2022-08-08,2340305,4.151,3.6,411.49,False
2022-08-09,2049473,4.151,3.6,411.49,False
2022-08-10,2112967,4.151,3.6,411.49,False
2022-08-11,2340082,4.151,3.6,411.49,False
2022-08-12,2361142,4.151,3.6,411.49,False
2022-08-13,2058033,4.151,3.6,411.49,False
2022-08-14,2360307,4.151,3.6,411.49,False
2022-08-15,2276507,4.051,3.6,411.49,False
2022-08-16,2016730,4.051,3.6,411.49,False
2022-08-17,2051652,4.051,3.6,411.49,False
2022-08-18,2335005,4.051,3.6,411.49,False
2022-08-19,2358565,4.051,3.6,411.49,False
2022-08-20,2014843,4.051,3.6,411.49,False
2022-08-21,2348153,4.051,3.6,411.49,False
2022-08-22,2260555,3.993,3.6,411.49,False
2022-08-23,1960482,3.993,3.6,411.49,False
2022-08-24,1997252,3.993,3.6,411.49,False
2022-08-25,2263665,3.993,3.6,411.49,False
2022-08-26,2284831,3.993,3.6,411.49,False
2022-08-27,1888903,3.993,3.6,411.49,False
2022-08-28,2319869,3.993,3.6,411.49,False
2022-08-29,2100205,3.938,3.6,411.49,False
2022-08-30,1768473,3.938,3.6,411.49,False
2022-08-31,2009736,3.938,3.6,411.49,False
2022-09-01,2324033,3.938,3.5,411.49,False
2022-09-02,2479578,3.938,3.5,411.49,True
2022-09-03,1903950,3.938,3.5,411.49,True
2022-09-04,1979923,3.938,3.5,411.49,True
2022-09-05,2409938,3.859,3.5,411.49,True
2022-09-06,2088456,3.859,3.5,411.49,False
2022-09-07,1835889,3.859,3.5,411.49,False
2022-09-08,2120200,3.859,3.5,411.49,False
2022-09-09,2224222,3.859,3.5,411.49,False
2022-09-10,1828963,3.859,3.5,411.49,False
2022-09-11,2340559,3.859,3.5,411.49,False
2022-09-12,2230866,3.805,3.5,411.49,False
2022-09-13,1816435,3.805,3.5,411.49,False
2022-09-14,1976151,3.805,3.5,411.49,False
2022-09-15,2357970,3.805,3.5,411.49,False
2022-09-16,2375510,3.805,3.5,411.49,False
2022-09-17,1888228,3.805,3.5,411.49,False
2022-09-18,2349493,3.805,3.5,411.49,False
2022-09-19,2227301,3.771,3.5,411.49,False
2022-09-20,1898568,3.771,3.5,411.49,False
2022-09-21,1960592,3.771,3.5,411.49,False
2022-09-22,2335489,3.771,3.5,411.49,False
2022-09-23,2405872,3.771,3.5,411.49,False
2022-09-24,1914884,3.771,3.5,411.49,False
2022-09-25,2362292,3.771,3.5,411.49,False
2022-09-26,2229901,3.832,3.5,411.49,False
2022-09-27,1842212,3.832,3.5,411.49,False
2022-09-28,1724121,3.832,3.5,411.49,False
2022-09-29,2000766,3.832,3.5,411.49,False
2022-09-30,2143343,3.832,3.5,411.49,False
2022-10-01,1868495,3.832,3.6,422.11,False
2022-10-02,2279898,3.832,3.6,422.11,False
2022-10-03,2099505,3.909,3.6,422.11,False
2022-10-04,1802567,3.909,3.6,422.11,False
2022-10-05,1996446,3.909,3.6,422.11,False
2022-10-06,2376101,3.909,3.6,422.11,False
2022-10-07,2473989,3.909,3.6,422.11,False
2022-10-08,2018002,3.909,3.6,422.11,False
2022-10-09,2425613,3.909,3.6,422.11,False
2022-10-10,2330624,4.034,3.6,422.11,False
2022-10-11,2046661,4.034,3.6,422.11,False
2022-10-12,2119772,4.034,3.6,422.11,False
2022-10-13,2413700,4.034,3.6,422.11,False
2022-10-14,2412403,4.034,3.6,422.11,False
2022-10-15,2036937,4.034,3.6,422.11,False
2022-10-16,2475395,4.034,3.6,422.11,False
2022-10-17,2294755,3.99,3.6,422.11,False
2022-10-18,2003403,3.99,3.6,422.11,False
2022-10-19,2110090,3.99,3.6,422.11,False
2022-10-20,2429402,3.99,3.6,422.11,False
2022-10-21,2375559,3.99,3.6,422.11,False
2022-10-22,2005659,3.99,3.6,422.11,False
2022-10-23,2416107,3.99,3.6,422.11,False
2022-10-24,2322585,3.887,3.6,422.11,False
2022-10-25,1981651,3.887,3.6,422.11,False
2022-10-26,2057463,3.887,3.6,422.11,False
2022-10-27,2310460,3.887,3.6,422.11,False
2022-10-28,2312356,3.887,3.6,422.11,False
2022-10-29,1830454,3.887,3.6,422.11,False
2022-10-30,2241429,3.887,3.6,422.11,False
2022-10-31,1925032,3.857,3.6,422.11,False
2022-11-01,1978549,3.857,3.6,422.11,False
2022-11-02,1897396,3.857,3.6,422.11,False
2022-11-03,2253501,3.857,3.6,422.11,False
2022-11-04,2272855,3.857,3.6,422.11,False
2022-11-05,1924975,3.857,3.6,422.11,False
2022-11-06,2396744,3.857,3.6,422.11,False
2022-11-07,2168053,3.909,3.6,422.11,False
2022-11-08,1896916,3.909,3.6,422.11,False
2022-11-09,1945183,3.909,3.6,422.11,False
2022-11-10,2203214,3.909,3.6,422.11,False
2022-11-11,2309163,3.909,3.6,422.11,False
2022-11-12,1945373,3.909,3.6,422.11,False
2022-11-13,2411406,3.909,3.6,422.11,False
2022-11-14,2229804,3.876,3.6,422.11,False
2022-11-15,1892613,3.876,3.6,422.11,False
2022-11-16,2034880,3.876,3.6,422.11,False
2022-11-17,2326100,3.876,3.6,422.11,False
2022-11-18,2458089,3.876,3.6,422.11,False
2022-11-19,2214717,3.876,3.6,422.11,False
2022-11-20,2385400,3.876,3.6,422.11,False
2022-11-21,2201022,3.763,3.6,422.11,False
2022-11-22,2370351,3.763,3.6,422.11,False
2022-11-23,2465337,3.763,3.6,422.11,False
2022-11-24,1426195,3.763,3.6,422.11,False
2022-11-25,1984980,3.763,3.6,422.11,False
2022-11-26,2336633,3.763,3.6,422.11,False
2022-11-27,2639616,3.763,3.6,422.11,False
2022-11-28,2389672,3.649,3.6,422.11,False
2022-11-29,1954785,3.649,3.6,422.11,False
2022-11-30,1893497,3.649,3.6,422.11,False
2022-12-01,2113719,3.649,3.5,422.11,False
2022-12-02,2132571,3.649,3.5,422.11,False
2022-12-03,1788666,3.649,3.5,422.11,False
2022-12-04,2261227,3.649,3.5,422.11,False
2022-12-05,2134176,3.504,3.5,422.11,False
2022-12-06,1752091,3.504,3.5,422.11,False
2022-12-07,1883346,3.504,3.5,422.11,False
2022-12-08,2220053,3.504,3.5,422.11,False
2022-12-09,2295917,3.504,3.5,422.11,False
2022-12-10,1886068,3.504,3.5,422.11,False
2022-12-11,2293624,3.504,3.5,422.11,False
2022-12-12,2167861,3.353,3.5,422.11,False
2022-12-13,1810814,3.353,3.5,422.11,False
2022-12-14,1993063,3.353,3.5,422.11,False
2022-12-15,2298485,3.353,3.5,422.11,False
2022-12-16,2453178,3.353,3.5,422.11,False
2022-12-17,2233861,3.353,3.5,422.11,False
2022-12-18,2357086,3.353,3.5,422.11,False
2022-12-19,2264761,3.234,3.5,422.11,False
2022-12-20,2216373,3.234,3.5,422.11,False
2022-12-21,2428528,3.234,3.5,422.11,False
2022-12-22,2366608,3.234,3.5,422.11,False
2022-12-23,2096506,3.234,3.5,422.11,False
2022-12-24,1834551,3.234,3.5,422.11,False
2022-12-25,1800463,3.234,3.5,422.11,False
2022-12-26,2218145,3.203,3.5,422.11,False
2022-12-27,2178719,3.203,3.5,422.11,False
2022-12-28,2153682,3.203,3.5,422.11,False
2022-12-29,2178433,3.203,3.5,422.11,False
2022-12-30,2383422,3.203,3.5,422.11,False
2022-12-31,1935413,3.203,3.5,422.11,False
2023-01-01,2046950,3.203,3.5,404.7,False
2023-01-02,2368194,3.331,3.5,404.7,False
2023-01-03,2212528,3.331,3.5,404.7,False
2023-01-04,1985965,3.331,3.5,404.7,False
2023-01-05,2031976,3.331,3.5,404.7,False
2023-01-06,2043547,3.331,3.5,404.7,False
2023-01-07,1917290,3.331,3.5,404.7,False
2023-01-08,2226917,3.331,3.5,404.7,False
2023-01-09,2009868,3.366,3.5,404.7,False
2023-01-10,1678250,3.366,3.5,404.7,False
2023-01-11,1723117,3.366,3.5,404.7,False
2023-01-12,2189475,3.366,3.5,404.7,False
2023-01-13,2316713,3.366,3.5,404.7,False
2023-01-14,1803651,3.366,3.5,404.7,False
2023-01-15,2038119,3.366,3.5,404.7,False
2023-01-16,2244873,3.416,3.5,404.7,False
2023-01-17,1803155,3.416,3.5,404.7,False
2023-01-18,1674129,3.416,3.5,404.7,False
2023-01-19,1997346,3.416,3.5,404.7,False
2023-01-20,2089417,3.416,3.5,404.7,False
2023-01-21,1662736,3.416,3.5,404.7,False
2023-01-22,2141703,3.416,3.5,404.7,False
2023-01-23,1970280,3.519,3.5,404.7,False
2023-01-24,1567069,3.519,3.5,404.7,False
2023-01-25,1677909,3.519,3.5,404.7,False
2023-01-26,2097825,3.519,3.5,404.7,False
2023-01-27,2122066,3.519,3.5,404.7,False
2023-01-28,1653401,3.519,3.5,404.7,False
2023-01-29,2144644,3.519,3.5,404.7,False
2023-01-30,1932983,3.594,3.5,404.7,False
2023-01-31,1534786,3.594,3.5,404.7,False
2023-02-01,1608110,3.594,3.6,404.7,False
2023-02-02,2042277,3.594,3.6,404.7,False
2023-02-03,2102998,3.594,3.6,404.7,False
2023-02-04,1669806,3.594,3.6,404.7,False
2023-02-05,2202873,3.594,3.6,404.7,False
2023-02-06,2040256,3.552,3.6,404.7,False
2023-02-07,1626257,3.552,3.6,404.7,False
2023-02-08,1796332,3.552,3.6,404.7,False
2023-02-09,2158573,3.552,3.6,404.7,False
2023-02-10,2254803,3.552,3.6,404.7,False
2023-02-11,1809116,3.552,3.6,404.7,False
2023-02-12,2113837,3.552,3.6,404.7,False
2023-02-13,2073820,3.502,3.6,404.7,False
2023-02-14,1674639,3.502,3.6,404.7,False
2023-02-15,2017144,3.502,3.6,404.7,False
2023-02-16,2339970,3.502,3.6,404.7,False
2023-02-17,2509923,3.502,3.6,404.7,False
2023-02-18,2065901,3.502,3.6,404.7,False
2023-02-19,2319072,3.502,3.6,404.7,False
2023-02-20,2479184,3.494,3.6,404.7,False
2023-02-21,2116450,3.494,3.6,404.7,False
2023-02-22,2006058,3.494,3.6,404.7,False
2023-02-23,2322309,3.494,3.6,404.7,False
2023-02-24,2425335,3.494,3.6,404.7,False
2023-02-25,2057210,3.494,3.6,404.7,False
2023-02-26,2402716,3.494,3.6,404.7,False
2023-02-27,2235417,3.457,3.6,404.7,False
2023-02-28,1890744,3.457,3.6,404.7,False
2023-03-01,2066150,3.457,3.5,404.7,False
2023-03-02,2316735,3.457,3.5,404.7,False
2023-03-03,2375579,3.457,3.5,404.7,False
2023-03-04,2040488,3.457,3.5,404.7,False
2023-03-05,2422425,3.457,3.5,404.7,False
2023-03-06,2265014,3.505,3.5,404.7,False
2023-03-07,1908536,3.505,3.5,404.7,False
2023-03-08,2130141,3.505,3.5,404.7,False
2023-03-09,2417279,3.505,3.5,404.7,False
2023-03-10,2562561,3.505,3.5,404.7,False
2023-03-11,2279320,3.505,3.5,404.7,False
2023-03-12,2539093,3.505,3.5,404.7,False
2023-03-13,2393346,3.568,3.5,404.7,False
2023-03-14,2026905,3.568,3.5,404.7,False
2023-03-15,2284299,3.568,3.5,404.7,False
2023-03-16,2483683,3.568,3.5,404.7,False
2023-03-17,2517226,3.568,3.5,404.7,False
2023-03-18,2278805,3.568,3.5,404.7,False
2023-03-19,2608462,3.568,3.5,404.7,False
2023-03-20,2414648,3.534,3.5,404.7,False
2023-03-21,2038001,3.534,3.5,404.7,False
2023-03-22,2203488,3.534,3.5,404.7,False
2023-03-23,2451051,3.534,3.5,404.7,False
2023-03-24,2508221,3.534,3.5,404.7,False
2023-03-25,2208541,3.534,3.5,404.7,False
2023-03-26,2522600,3.534,3.5,404.7,False
2023-03-27,2383816,3.533,3.5,404.7,False
2023-03-28,2039138,3.533,3.5,404.7,False
2023-03-29,2210676,3.533,3.5,404.7,False
2023-03-30,2487147,3.533,3.5,404.7,False
2023-03-31,2536088,3.533,3.5,404.7,False
2023-04-01,2253892,3.533,3.4,410.66,False
2023-04-02,2545494,3.533,3.4,410.66,False
2023-04-03,2404966,3.606,3.4,410.66,False
2023-04-04,2080546,3.606,3.4,410.66,False
2023-04-05,2209680,3.606,3.4,410.66,False
2023-04-06,2532778,3.606,3.4,410.66,False
2023-04-07,2475896,3.606,3.4,410.66,False
2023-04-08,2093075,3.606,3.4,410.66,False
2023-04-09,2387558,3.606,3.4,410.66,False
2023-04-10,2523060,3.703,3.4,410.66,False
2023-04-11,2132314,3.703,3.4,410.66,False
2023-04-12,2168441,3.703,3.4,410.66,False
2023-04-13,2443213,3.703,3.4,410.66,False
2023-04-14,2532863,3.703,3.4,410.66,False
2023-04-15,2150251,3.703,3.4,410.66,False
2023-04-16,2589787,3.703,3.4,410.66,False
2023-04-17,2455406,3.769,3.4,410.66,False
2023-04-18,2070303,3.769,3.4,410.66,False
2023-04-19,2227164,3.769,3.4,410.66,False
2023-04-20,2534751,3.769,3.4,410.66,False
2023-04-21,2585925,3.769,3.4,410.66,False
2023-04-22,2057354,3.769,3.4,410.66,False
2023-04-23,2570184,3.769,3.4,410.66,False
2023-04-24,2425693,3.765,3.4,410.66,False
2023-04-25,2015155,3.765,3.4,410.66,False
2023-04-26,2183316,3.765,3.4,410.66,False
2023-04-27,2522454,3.765,3.4,410.66,False
2023-04-28,2507149,3.765,3.4,410.66,False
2023-04-29,2021030,3.765,3.4,410.66,False
2023-04-30,2517228,3.765,3.4,410.66,False
2023-05-01,2432660,3.711,3.6,410.66,False
2023-05-02,1998688,3.711,3.6,410.66,False
2023-05-03,2167265,3.711,3.6,410.66,False
2023-05-04,2509080,3.711,3.6,410.66,False
2023-05-05,2508503,3.711,3.6,410.66,False
2023-05-06,2043895,3.711,3.6,410.66,False
2023-05-07,2590391,3.711,3.6,410.66,False
2023-05-08,2476280,3.644,3.6,410.66,False
2023-05-09,2089430,3.644,3.6,410.66,False
2023-05-10,2261499,3.644,3.6,410.66,False
2023-05-11,2598784,3.644,3.6,410.66,False
2023-05-12,2605959,3.644,3.6,410.66,False
2023-05-13,2114178,3.644,3.6,410.66,False
2023-05-14,2509333,3.644,3.6,410.66,False
2023-05-15,2597124,3.647,3.6,410.66,False
2023-05-16,2173966,3.647,3.6,410.66,False
2023-05-17,2312740,3.647,3.6,410.66,False
2023-05-18,2641296,3.647,3.6,410.66,False
2023-05-19,2656058,3.647,3.6,410.66,False
2023-05-20,2213613,3.647,3.6,410.66,False
2023-05-21,2673457,3.647,3.6,410.66,False
2023-05-22,2592466,3.645,3.6,410.66,False
2023-05-23,2272281,3.645,3.6,410.66,False
2023-05-24,2435811,3.645,3.6,410.66,False
2023-05-25,2672648,3.645,3.6,410.66,False
2023-05-26,2744596,3.645,3.6,410.66,False
2023-05-27,2206475,3.645,3.6,410.66,False
2023-05-28,2257797,3.645,3.6,410.66,False
2023-05-29,2596978,3.684,3.6,410.66,False
2023-05-30,2349003,3.684,3.6,410.66,False
2023-05-31,2259502,3.684,3.6,410.66,False
2023-06-01,2477726,3.684,3.6,410.66,False
2023-06-02,2534892,3.684,3.6,410.66,False
2023-06-03,2221890,3.684,3.6,410.66,False
2023-06-04,2657217,3.684,3.6,410.66,False
2023-06-05,2560508,3.655,3.6,410.66,False
2023-06-06,2233160,3.655,3.6,410.66,False
2023-06-07,2355913,3.655,3.6,410.66,False
2023-06-08,2641522,3.655,3.6,410.66,False
2023-06-09,2675115,3.655,3.6,410.66,False
2023-06-10,2322170,3.655,3.6,410.66,False
2023-06-11,2732330,3.655,3.6,410.66,False
2023-06-12,2636399,3.707,3.6,410.66,False
2023-06-13,2343000,3.707,3.6,410.66,False
2023-06-14,2465528,3.707,3.6,410.66,False
2023-06-15,2745743,3.707,3.6,410.66,False
2023-06-16,2785332,3.707,3.6,410.66,False
2023-06-17,2436004,3.707,3.6,410.66,False
2023-06-18,2640349,3.707,3.6,410.66,False
2023-06-19,2742546,3.69,3.6,410.66,False
2023-06-20,2449389,3.69,3.6,410.66,False
2023-06-21,2502239,3.69,3.6,410.66,False
2023-06-22,2737829,3.69,3.6,410.66,False
2023-06-23,2771672,3.69,3.6,410.66,False
2023-06-24,2456148,3.69,3.6,410.66,False
2023-06-25,2769270,3.69,3.6,410.66,False
2023-06-26,2687481,3.685,3.6,410.66,False
2023-06-27,2391503,3.685,3.6,410.66,False
2023-06-28,2539399,3.685,3.6,410.66,False
2023-06-29,2759141,3.685,3.6,410.66,False
2023-06-30,2884783,3.685,3.6,410.66,False
2023-07-01,2588334,3.685,3.5,382.09,False
2023-07-02,2529730,3.685,3.5,382.09,False
2023-07-03,2288645,3.643,3.5,382.09,False
2023-07-04,2007441,3.643,3.5,382.09,False
2023-07-05,2492923,3.643,3.5,382.09,False
2023-07-06,2540237,3.643,3.5,382.09,False
2023-07-07,2555001,3.643,3.5,382.09,False
2023-07-08,2431155,3.643,3.5,382.09,False
2023-07-09,2644639,3.643,3.5,382.09,False
2023-07-10,2688266,3.663,3.5,382.09,False
2023-07-11,2382030,3.663,3.5,382.09,False
2023-07-12,2458378,3.663,3.5,382.09,False
2023-07-13,2726021,3.663,3.5,382.09,False
2023-07-14,2738461,3.663,3.5,382.09,False
2023-07-15,2486503,3.663,3.5,382.09,False
2023-07-16,2741762,3.663,3.5,382.09,False
2023-07-17,2747357,3.676,3.5,382.09,False
2023-07-18,2410972,3.676,3.5,382.09,False
2023-07-19,2519328,3.676,3.5,382.09,False
2023-07-20,2754386,3.676,3.5,382.09,False
2023-07-21,2782146,3.676,3.5,382.09,False
2023-07-22,2485646,3.676,3.5,382.09,False
2023-07-23,2800368,3.676,3.5,382.09,False
2023-07-24,2695657,3.711,3.5,382.09,False
2023-07-25,2358536,3.711,3.5,382.09,False
2023-07-26,2510210,3.711,3.5,382.09,False
2023-07-27,2724438,3.711,3.5,382.09,False
2023-07-28,2787676,3.711,3.5,382.09,False
2023-07-29,2457943,3.711,3.5,382.09,False
2023-07-30,2815068,3.711,3.5,382.09,False
2023-07-31,2697794,3.869,3.5,382.09,False
2023-08-01,2370591,3.869,3.7,382.09,False
2023-08-02,2431864,3.869,3.7,382.09,False
2023-08-03,2671674,3.869,3.7,382.09,False
2023-08-04,2690858,3.869,3.7,382.09,False
2023-08-05,2403611,3.869,3.7,382.09,False
2023-08-06,2743779,3.869,3.7,382.09,False
2023-08-07,2602015,3.94,3.7,382.09,False
2023-08-08,2387917,3.94,3.7,382.09,False
2023-08-09,2407319,3.94,3.7,382.09,False
2023-08-10,2654716,3.94,3.7,382.09,False
2023-08-11,2648556,3.94,3.7,382.09,False
2023-08-12,2322724,3.94,3.7,382.09,False
2023-08-13,2684914,3.94,3.7,382.09,False
2023-08-14,2548291,3.962,3.7,382.09,False
2023-08-15,2266285,3.962,3.7,382.09,False
2023-08-16,2298936,3.962,3.7,382.09,False
2023-08-17,2599098,3.962,3.7,382.09,False
2023-08-18,2601291,3.962,3.7,382.09,False
2023-08-19,2252655,3.962,3.7,382.09,False
2023-08-20,2535369,3.962,3.7,382.09,False
2023-08-21,2487458,3.984,3.7,382.09,False
2023-08-22,2101467,3.984,3.7,382.09,False
2023-08-23,2169394,3.984,3.7,382.09,False
2023-08-24,2501995,3.984,3.7,382.09,False
2023-08-25,2509342,3.984,3.7,382.09,False
2023-08-26,2063356,3.984,3.7,382.09,False
2023-08-27,2538318,3.984,3.7,382.09,False
2023-08-28,2349783,3.931,3.7,382.09,False
2023-08-29,1888361,3.931,3.7,382.09,False
2023-08-30,2014332,3.931,3.7,382.09,False
2023-08-31,2619753,3.931,3.7,382.09,False
2023-09-01,2742962,3.931,3.8,382.09,True
2023-09-02,2090550,3.931,3.8,382.09,True
2023-09-03,2081144,3.931,3.8,382.09,True
2023-09-04,2645012,3.925,3.8,382.09,True
2023-09-05,2243518,3.925,3.8,382.09,False
2023-09-06,1966818,3.925,3.8,382.09,False
2023-09-07,2283466,3.925,3.8,382.09,False
2023-09-08,2405867,3.925,3.8,382.09,False
2023-09-09,1986960,3.925,3.8,382.09,False
2023-09-10,2584116,3.925,3.8,382.09,False
2023-09-11,2402206,3.941,3.8,382.09,False
2023-09-12,1991959,3.941,3.8,382.09,False
2023-09-13,2113134,3.941,3.8,382.09,False
2023-09-14,2594681,3.941,3.8,382.09,False
2023-09-15,2583450,3.941,3.8,382.09,False
2023-09-16,1978051,3.941,3.8,382.09,False
2023-09-17,2648872,3.941,3.8,382.09,False
2023-09-18,2495564,4.001,3.8,382.09,False
2023-09-19,1992774,4.001,3.8,382.09,False
2023-09-20,2207680,4.001,3.8,382.09,False
2023-09-21,2651017,4.001,3.8,382.09,False
2023-09-22,2684773,4.001,3.8,382.09,False
2023-09-23,2065137,4.001,3.8,382.09,False
2023-09-24,2673136,4.001,3.8,382.09,False
2023-09-25,2543611,3.963,3.8,382.09,False
2023-09-26,2058961,3.963,3.8,382.09,False
2023-09-27,2138667,3.963,3.8,382.09,False
2023-09-28,2616213,3.963,3.8,382.09,False
2023-09-29,2602713,3.963,3.8,382.09,False
2023-09-30,2140656,3.963,3.8,382.09,False
2023-10-01,2682443,3.963,3.9,399.52,False
2023-10-02,2473560,3.93,3.9,399.52,False
2023-10-03,2001087,3.93,3.9,399.52,False
2023-10-04,2213969,3.93,3.9,399.52,False
2023-10-05,2697601,3.93,3.9,399.52,False
2023-10-06,2762717,3.93,3.9,399.52,False
2023-10-07,2232660,3.93,3.9,399.52,False
2023-10-08,2690153,3.93,3.9,399.52,False
2023-10-09,2681432,3.814,3.9,399.52,False
2023-10-10,2293858,3.814,3.9,399.52,False
2023-10-11,2372544,3.814,3.9,399.52,False
2023-10-12,2717399,3.814,3.9,399.52,False
2023-10-13,2673246,3.814,3.9,399.52,False
2023-10-14,2226278,3.814,3.9,399.52,False
2023-10-15,2797326,3.814,3.9,399.52,False
2023-10-16,2627942,3.706,3.9,399.52,False
2023-10-17,2213819,3.706,3.9,399.52,False
2023-10-18,2333408,3.706,3.9,399.52,False
2023-10-19,2695224,3.706,3.9,399.52,False
2023-10-20,2672262,3.706,3.9,399.52,False
2023-10-21,2161735,3.706,3.9,399.52,False
2023-10-22,2770224,3.706,3.9,399.52,False
2023-10-23,2607835,3.66,3.9,399.52,False
2023-10-24,2138741,3.66,3.9,399.52,False
2023-10-25,2251047,3.66,3.9,399.52,False
2023-10-26,2630523,3.66,3.9,399.52,False
2023-10-27,2615422,3.66,3.9,399.52,False
2023-10-28,2015907,3.66,3.9,399.52,False
2023-10-29,2520086,3.66,3.9,399.52,False
2023-10-30,2292796,3.6,3.9,399.52,False
2023-10-31,1665839,3.6,3.9,399.52,False
2023-11-01,2157473,3.6,3.7,399.52,False
2023-11-02,2415581,3.6,3.7,399.52,False
2023-11-03,2502391,3.6,3.7,399.52,False
2023-11-04,2045614,3.6,3.7,399.52,False
2023-11-05,2669284,3.6,3.7,399.52,False
2023-11-06,2491545,3.52,3.7,399.52,False
2023-11-07,2019225,3.52,3.7,399.52,False
2023-11-08,2209479,3.52,3.7,399.52,False
2023-11-09,2658959,3.52,3.7,399.52,False
2023-11-10,2591818,3.52,3.7,399.52,False
2023-11-11,2025517,3.52,3.7,399.52,False
2023-11-12,2683745,3.52,3.7,399.52,False
2023-11-13,2533300,3.473,3.7,399.52,False
2023-11-14,2035761,3.473,3.7,399.52,False
2023-11-15,2224646,3.473,3.7,399.52,False
2023-11-16,2550045,3.473,3.7,399.52,False
2023-11-17,2692471,3.473,3.7,399.52,False
2023-11-18,2379699,3.473,3.7,399.52,False
2023-11-19,2608680,3.473,3.7,399.52,False
2023-11-20,2532525,3.414,3.7,399.52,False
2023-11-21,2647461,3.414,3.7,399.52,False
2023-11-22,2741610,3.414,3.7,399.52,False
2023-11-23,1547419,3.414,3.7,399.52,False
2023-11-24,2199057,3.414,3.7,399.52,False
2023-11-25,2605387,3.414,3.7,399.52,False
2023-11-26,2908785,3.414,3.7,399.52,False
2023-11-27,2633263,3.363,3.7,399.52,False
2023-11-28,2171943,3.363,3.7,399.52,False
2023-11-29,1948492,3.363,3.7,399.52,False
2023-11-30,2276703,3.363,3.7,399.52,False
2023-12-01,2308362,3.363,3.8,399.52,False
2023-12-02,1864999,3.363,3.8,399.52,False
2023-12-03,2321965,3.363,3.8,399.52,False
2023-12-04,2266792,3.355,3.8,399.52,False
2023-12-05,1834118,3.355,3.8,399.52,False
2023-12-06,1998620,3.355,3.8,399.52,False
2023-12-07,2385629,3.355,3.8,399.52,False
2023-12-08,2431077,3.355,3.8,399.52,False
2023-12-09,1975896,3.355,3.8,399.52,False
2023-12-10,2419762,3.355,3.8,399.52,False
2023-12-11,2313610,3.259,3.8,399.52,False
2023-12-12,1954074,3.259,3.8,399.52,False
2023-12-13,2129193,3.259,3.8,399.52,False
2023-12-14,2502604,3.259,3.8,399.52,False
2023-12-15,2622770,3.259,3.8,399.52,False
2023-12-16,2252933,3.259,3.8,399.52,False
2023-12-17,2495579,3.259,3.8,399.52,False
2023-12-18,2366275,3.176,3.8,399.52,False
2023-12-19,2291458,3.176,3.8,399.52,False
2023-12-20,2514171,3.176,3.8,399.52,False
2023-12-21,2650811,3.176,3.8,399.52,False
2023-12-22,2775193,3.176,3.8,399.52,False
2023-12-23,2606577,3.176,3.8,399.52,False
2023-12-24,1972309,3.176,3.8,399.52,False
2023-12-25,2028266,3.238,3.8,399.52,False
2023-12-26,2665034,3.238,3.8,399.52,False
2023-12-27,2663517,3.238,3.8,399.52,False
2023-12-28,2633264,3.238,3.8,399.52,False
2023-12-29,2636605,3.238,3.8,399.52,False
2023-12-30,2563962,3.238,3.8,399.52,False
2023-12-31,2116715,3.238,3.8,399.52,False
2024-01-01,2303507,3.213,3.7,398.57,False
2024-01-02,2555447,3.213,3.7,398.57,False
2024-01-03,2418600,3.213,3.7,398.57,False
2024-01-04,2281402,3.213,3.7,398.57,False
2024-01-05,2279609,3.213,3.7,398.57,False
2024-01-06,2198958,3.213,3.7,398.57,False
2024-01-07,2380127,3.213,3.7,398.57,False
2024-01-08,2193524,3.197,3.7,398.57,False
2024-01-09,1774066,3.197,3.7,398.57,False
2024-01-10,1934765,3.197,3.7,398.57,False
2024-01-11,2300884,3.197,3.7,398.57,False
2024-01-12,2326842,3.197,3.7,398.57,False
2024-01-13,1914063,3.197,3.7,398.57,False
2024-01-14,2116540,3.197,3.7,398.57,False
2024-01-15,2214409,3.179,3.7,398.57,False
2024-01-16,1864219,3.179,3.7,398.57,False
2024-01-17,1857915,3.179,3.7,398.57,False
2024-01-18,2104712,3.179,3.7,398.57,False
2024-01-19,2094212,3.179,3.7,398.57,False
2024-01-20,1753693,3.179,3.7,398.57,False
2024-01-21,2243155,3.179,3.7,398.57,False
2024-01-22,2053656,3.181,3.7,398.57,False
2024-01-23,1610765,3.181,3.7,398.57,False
2024-01-24,1815119,3.181,3.7,398.57,False
2024-01-25,2232670,3.181,3.7,398.57,False
2024-01-26,2278406,3.181,3.7,398.57,False
2024-01-27,1772563,3.181,3.7,398.57,False
2024-01-28,2261245,3.181,3.7,398.57,False
2024-01-29,2077644,3.214,3.7,398.57,False
2024-01-30,1617523,3.214,3.7,398.57,False
2024-01-31,1817011,3.214,3.7,398.57,False
2024-02-01,2203945,3.214,3.9,398.57,False
2024-02-02,2208138,3.214,3.9,398.57,False
2024-02-03,1752024,3.214,3.9,398.57,False
2024-02-04,2281882,3.214,3.9,398.57,False
2024-02-05,2160140,3.254,3.9,398.57,False
2024-02-06,1695022,3.254,3.9,398.57,False
2024-02-07,1880126,3.254,3.9,398.57,False
2024-02-08,2305984,3.254,3.9,398.57,False
2024-02-09,2369929,3.254,3.9,398.57,False
2024-02-10,1883035,3.254,3.9,398.57,False
2024-02-11,2196980,3.254,3.9,398.57,False
2024-02-12,2283725,3.309,3.9,398.57,False
2024-02-13,1754659,3.309,3.9,398.57,False
2024-02-14,2021114,3.309,3.9,398.57,False
2024-02-15,2515629,3.309,3.9,398.57,False
2024-02-16,2615463,3.309,3.9,398.57,False
2024-02-17,2159328,3.309,3.9,398.57,False
2024-02-18,2474646,3.309,3.9,398.57,False
2024-02-19,2606125,3.385,3.9,398.57,False
2024-02-20,2206877,3.385,3.9,398.57,False
2024-02-21,2162956,3.385,3.9,398.57,False
2024-02-22,2513429,3.385,3.9,398.57,False
2024-02-23,2555082,3.385,3.9,398.57,False
2024-02-24,2106561,3.385,3.9,398.57,False
2024-02-25,2561682,3.385,3.9,398.57,False
2024-02-26,2405209,3.365,3.9,398.57,False
2024-02-27,1935225,3.365,3.9,398.57,False
2024-02-28,2140789,3.365,3.9,398.57,False
2024-02-29,2551534,3.365,3.9,398.57,False
2024-03-01,2602686,3.365,3.9,398.57,False
2024-03-02,2132092,3.365,3.9,398.57,False
2024-03-03,2566870,3.365,3.9,398.57,False
2024-03-04,2405790,3.466,3.9,398.57,False
2024-03-05,1983750,3.466,3.9,398.57,False
2024-03-06,2211599,3.466,3.9,398.57,False
2024-03-07,2578074,3.466,3.9,398.57,False
2024-03-08,2720377,3.466,3.9,398.57,False
2024-03-09,2342497,3.466,3.9,398.57,False
2024-03-10,2719857,3.466,3.9,398.57,False
2024-03-11,2563158,3.492,3.9,398.57,False
2024-03-12,2199126,3.492,3.9,398.57,False
2024-03-13,2388007,3.492,3.9,398.57,False
2024-03-14,2568962,3.492,3.9,398.57,False
2024-03-15,2722855,3.492,3.9,398.57,False
2024-03-16,2410078,3.492,3.9,398.57,False
2024-03-17,2734318,3.492,3.9,398.57,False
2024-03-18,2582796,3.569,3.9,398.57,False
2024-03-19,2205546,3.569,3.9,398.57,False
2024-03-20,2413710,3.569,3.9,398.57,False
2024-03-21,2690138,3.569,3.9,398.57,False
2024-03-22,2732493,3.569,3.9,398.57,False
2024-03-23,2422106,3.569,3.9,398.57,False
2024-03-24,2755433,3.569,3.9,398.57,False
2024-03-25,2607498,3.639,3.9,398.57,False
2024-03-26,2243576,3.639,3.9,398.57,False
2024-03-27,2462360,3.639,3.9,398.57,False
2024-03-28,2786223,3.639,3.9,398.57,False
2024-03-29,2693787,3.639,3.9,398.57,False
2024-03-30,2320632,3.639,3.9,398.57,False
2024-03-31,2595625,3.639,3.9,398.57,False
2024-04-01,2658016,3.636,3.9,388.26,False
2024-04-02,2261390,3.636,3.9,388.26,False
2024-04-03,2266046,3.636,3.9,388.26,False
2024-04-04,2640572,3.636,3.9,388.26,False
2024-04-05,2703180,3.636,3.9,388.26,False
2024-04-06,2324739,3.636,3.9,388.26,False
2024-04-07,2675829,3.636,3.9,388.26,False
2024-04-08,2487391,3.712,3.9,388.26,False
2024-04-09,2212961,3.712,3.9,388.26,False
2024-04-10,2316545,3.712,3.9,388.26,False
2024-04-11,2641708,3.712,3.9,388.26,False
2024-04-12,2714741,3.712,3.9,388.26,False
2024-04-13,2180816,3.712,3.9,388.26,False
2024-04-14,2689549,3.712,3.9,388.26,False
2024-04-15,2532672,3.751,3.9,388.26,False
2024-04-16,2148436,3.751,3.9,388.26,False
2024-04-17,2351694,3.751,3.9,388.26,False
2024-04-18,2695566,3.751,3.9,388.26,False
2024-04-19,2722053,3.751,3.9,388.26,False
2024-04-20,2221738,3.751,3.9,388.26,False
2024-04-21,2756922,3.751,3.9,388.26,False
2024-04-22,2579973,3.791,3.9,388.26,False
2024-04-23,2144330,3.791,3.9,388.26,False
2024-04-24,2308366,3.791,3.9,388.26,False
2024-04-25,2686172,3.791,3.9,388.26,False
2024-04-26,2675321,3.791,3.9,388.26,False
2024-04-27,2138255,3.791,3.9,388.26,False
2024-04-28,2646469,3.791,3.9,388.26,False
2024-04-29,2506141,3.777,3.9,388.26,False
2024-04-30,2151933,3.777,3.9,388.26,False
2024-05-01,2358798,3.777,4.0,388.26,False
2024-05-02,2648857,3.777,4.0,388.26,False
2024-05-03,2675921,3.777,4.0,388.26,False
2024-05-04,2175786,3.777,4.0,388.26,False
2024-05-05,2717249,3.777,4.0,388.26,False
2024-05-06,2647929,3.766,4.0,388.26,False
2024-05-07,2244683,3.766,4.0,388.26,False
2024-05-08,2452419,3.766,4.0,388.26,False
2024-05-09,2797162,3.766,4.0,388.26,False
2024-05-10,2789715,3.766,4.0,388.26,False
2024-05-11,2295451,3.766,4.0,388.26,False
2024-05-12,2677001,3.766,4.0,388.26,False
2024-05-13,2717876,3.731,4.0,388.26,False
2024-05-14,2343094,3.731,4.0,388.26,False
2024-05-15,2463627,3.731,4.0,388.26,False
2024-05-16,2807609,3.731,4.0,388.26,False
2024-05-17,2855596,3.731,4.0,388.26,False
2024-05-18,2365492,3.731,4.0,388.26,False
2024-05-19,2843144,3.731,4.0,388.26,False
2024-05-20,2751841,3.706,4.0,388.26,False
2024-05-21,2442301,3.706,4.0,388.26,False
2024-05-22,2591593,3.706,4.0,388.26,False
2024-05-23,2897421,3.706,4.0,388.26,False
2024-05-24,2951859,3.706,4.0,388.26,False
2024-05-25,2429201,3.706,4.0,388.26,False
2024-05-26,2413165,3.706,4.0,388.26,False
2024-05-27,2771700,3.698,4.0,388.26,False
2024-05-28,2555425,3.698,4.0,388.26,False
2024-05-29,2446571,3.698,4.0,388.26,False
2024-05-30,2653600,3.698,4.0,388.26,False
2024-05-31,2775176,3.698,4.0,388.26,False
2024-06-01,2415153,3.698,4.1,388.26,False
2024-06-02,2822822,3.698,4.1,388.26,False
2024-06-03,2719030,3.638,4.1,388.26,False
2024-06-04,2397066,3.638,4.1,388.26,False
2024-06-05,2551287,3.638,4.1,388.26,False
2024-06-06,2829183,3.638,4.1,388.26,False
2024-06-07,2842268,3.638,4.1,388.26,False
2024-06-08,2499204,3.638,4.1,388.26,False
2024-06-09,2915830,3.638,4.1,388.26,False
2024-06-10,2815125,3.551,4.1,388.26,False
2024-06-11,2487316,3.551,4.1,388.26,False
2024-06-12,2599257,3.551,4.1,388.26,False
2024-06-13,2859994,3.551,4.1,388.26,False
2024-06-14,2929467,3.551,4.1,388.26,False
2024-06-15,2617341,3.551,4.1,388.26,False
2024-06-16,2858844,3.551,4.1,388.26,False
2024-06-17,2790851,3.556,4.1,388.26,False
2024-06-18,2537934,3.556,4.1,388.26,False
2024-06-19,2686866,3.556,4.1,388.26,False
2024-06-20,2833516,3.556,4.1,388.26,False
2024-06-21,2873390,3.556,4.1,388.26,False
2024-06-22,2624783,3.556,4.1,388.26,False
2024-06-23,2996495,3.556,4.1,388.26,False
2024-06-24,2944001,3.557,4.1,388.26,False
2024-06-25,2612478,3.557,4.1,388.26,False
2024-06-26,2722125,3.557,4.1,388.26,False
2024-06-27,2921687,3.557,4.1,388.26,False
2024-06-28,2938292,3.557,4.1,388.26,False
2024-06-29,2648476,3.557,4.1,388.26,False
2024-06-30,2835019,3.557,4.1,388.26,False
2024-07-01,2754690,3.595,4.2,370.27,False
2024-07-02,2537986,3.595,4.2,370.27,False
2024-07-03,2786534,3.595,4.2,370.27,False
2024-07-04,2222431,3.595,4.2,370.27,False
2024-07-05,2431240,3.595,4.2,370.27,False
2024-07-06,2617154,3.595,4.2,370.27,False
2024-07-07,3013622,3.595,4.2,370.27,False
2024-07-08,2785721,3.608,4.2,370.27,False
2024-07-09,2580105,3.608,4.2,370.27,False
2024-07-10,2627735,3.608,4.2,370.27,False
2024-07-11,2839251,3.608,4.2,370.27,False
2024-07-12,2829067,3.608,4.2,370.27,False
2024-07-13,2583704,3.608,4.2,370.27,False
2024-07-14,2937845,3.608,4.2,370.27,False
2024-07-15,2860799,3.614,4.2,370.27,False
2024-07-16,2536991,3.614,4.2,370.27,False
2024-07-17,2641325,3.614,4.2,370.27,False
2024-07-18,2957170,3.614,4.2,370.27,False
2024-07-19,2716304,3.614,4.2,370.27,False
2024-07-20,2606097,3.614,4.2,370.27,False
2024-07-21,2909267,3.614,4.2,370.27,False
2024-07-22,2864584,3.587,4.2,370.27,False
2024-07-23,2603647,3.587,4.2,370.27,False
2024-07-24,2718954,3.587,4.2,370.27,False
2024-07-25,2924478,3.587,4.2,370.27,False
2024-07-26,2877017,3.587,4.2,370.27,False
2024-07-27,2582953,3.587,4.2,370.27,False
2024-07-28,2922306,3.587,4.2,370.27,False
2024-07-29,2795317,3.598,4.2,370.27,False
2024-07-30,2437121,3.598,4.2,370.27,False
2024-07-31,2618705,3.598,4.2,370.27,False
2024-08-01,2871907,3.598,4.2,370.27,False
2024-08-02,2803445,3.598,4.2,370.27,False
2024-08-03,2555713,3.598,4.2,370.27,False
2024-08-04,2800099,3.598,4.2,370.27,False
2024-08-05,2701321,3.563,4.2,370.27,False
2024-08-06,2413736,3.563,4.2,370.27,False
2024-08-07,2555693,3.563,4.2,370.27,False
2024-08-08,2808911,3.563,4.2,370.27,False
2024-08-09,2756793,3.563,4.2,370.27,False
2024-08-10,2475459,3.563,4.2,370.27,False
2024-08-11,2850074,3.563,4.2,370.27,False
2024-08-12,2705415,3.53,4.2,370.27,False
2024-08-13,2266346,3.53,4.2,370.27,False
2024-08-14,2380580,3.53,4.2,370.27,False
2024-08-15,2732713,3.53,4.2,370.27,False
2024-08-16,2748819,3.53,4.2,370.27,False
2024-08-17,2344279,3.53,4.2,370.27,False
2024-08-18,2796821,3.53,4.2,370.27,False
2024-08-19,2686909,3.5,4.2,370.27,False
2024-08-20,2252171,3.5,4.2,370.27,False
2024-08-21,2310258,3.5,4.2,370.27,False
2024-08-22,2654402,3.5,4.2,370.27,False
2024-08-23,2660166,3.5,4.2,370.27,False
2024-08-24,2185822,3.5,4.2,370.27,False
2024-08-25,2702492,3.5,4.2,370.27,False
2024-08-26,2463227,3.433,4.2,370.27,False
2024-08-27,1980342,3.433,4.2,370.27,False
2024-08-28,2221120,3.433,4.2,370.27,False
2024-08-29,2746266,3.433,4.2,370.27,False
2024-08-30,2913547,3.433,4.2,370.27,True
2024-08-31,2163592,3.433,4.2,370.27,True
2024-09-01,2219496,3.433,4.1,370.27,True
2024-09-02,2748226,3.411,4.1,370.27,True
2024-09-03,2272637,3.411,4.1,370.27,False
2024-09-04,1965339,3.411,4.1,370.27,False
2024-09-05,2277401,3.411,4.1,370.27,False
2024-09-06,2404754,3.411,4.1,370.27,False
2024-09-07,1944006,3.411,4.1,370.27,False
2024-09-08,2635080,3.411,4.1,370.27,False
2024-09-09,2447809,3.36,4.1,370.27,False
2024-09-10,1947530,3.36,4.1,370.27,False
2024-09-11,1999757,3.36,4.1,370.27,False
2024-09-12,2630964,3.36,4.1,370.27,False
2024-09-13,2629323,3.36,4.1,370.27,False
2024-09-14,2039797,3.36,4.1,370.27,False
2024-09-15,2751418,3.36,4.1,370.27,False
2024-09-16,2568141,3.307,4.1,370.27,False
2024-09-17,2047363,3.307,4.1,370.27,False
2024-09-18,2204592,3.307,4.1,370.27,False
2024-09-19,2720369,3.307,4.1,370.27,False
2024-09-20,2746884,3.307,4.1,370.27,False
2024-09-21,2113564,3.307,4.1,370.27,False
2024-09-22,2834755,3.307,4.1,370.27,False
2024-09-23,2624958,3.311,4.1,370.27,False
2024-09-24,2063662,3.311,4.1,370.27,False
2024-09-25,2245707,3.311,4.1,370.27,False
2024-09-26,2550227,3.311,4.1,370.27,False
2024-09-27,2584954,3.311,4.1,370.27,False
2024-09-28,2090971,3.311,4.1,370.27,False
2024-09-29,2744939,3.311,4.1,370.27,False
2024-09-30,2544480,3.303,4.1,370.27,False
2024-10-01,1999352,3.303,4.1,401.78,False
2024-10-02,2151683,3.303,4.1,401.78,False
2024-10-03,2640399,3.303,4.1,401.78,False
2024-10-04,2668729,3.303,4.1,401.78,False
2024-10-05,2107910,3.303,4.1,401.78,False
2024-10-06,2830443,3.303,4.1,401.78,False
2024-10-07,2650717,3.26,4.1,401.78,False
2024-10-08,2092902,3.26,4.1,401.78,False
2024-10-09,2104384,3.26,4.1,401.78,False
2024-10-10,2515514,3.26,4.1,401.78,False
2024-10-11,2840414,3.26,4.1,401.78,False
2024-10-12,2245955,3.26,4.1,401.78,False
2024-10-13,2759322,3.26,4.1,401.78,False
2024-10-14,2753893,3.294,4.1,401.78,False
2024-10-15,2331229,3.294,4.1,401.78,False
2024-10-16,2380635,3.294,4.1,401.78,False
2024-10-17,2790733,3.294,4.1,401.78,False
2024-10-18,2810221,3.294,4.1,401.78,False
2024-10-19,2244829,3.294,4.1,401.78,False
2024-10-20,2934025,3.294,4.1,401.78,False
2024-10-21,2756016,3.268,4.1,401.78,False
2024-10-22,2162389,3.268,4.1,401.78,False
2024-10-23,2283293,3.268,4.1,401.78,False
2024-10-24,2734510,3.268,4.1,401.78,False
2024-10-25,2757296,3.268,4.1,401.78,False
2024-10-26,2138621,3.268,4.1,401.78,False
2024-10-27,2797199,3.268,4.1,401.78,False
2024-10-28,2571459,3.22,4.1,401.78,False
2024-10-29,1956344,3.22,4.1,401.78,False
2024-10-30,2160195,3.22,4.1,401.78,False
2024-10-31,2161429,3.22,4.1,401.78,False
2024-11-01,2565724,3.22,4.2,401.78,False
2024-11-02,1997801,3.22,4.2,401.78,False
2024-11-03,2646807,3.22,4.2,401.78,False
2024-11-04,2403233,3.191,4.2,401.78,False
2024-11-05,1910059,3.191,4.2,401.78,False
2024-11-06,2106444,3.191,4.2,401.78,False
2024-11-07,2597660,3.191,4.2,401.78,False
2024-11-08,2662635,3.191,4.2,401.78,False
2024-11-09,2112678,3.191,4.2,401.78,False
2024-11-10,2660472,3.191,4.2,401.78,False
2024-11-11,2697567,3.176,4.2,401.78,False
2024-11-12,2085620,3.176,4.2,401.78,False
2024-11-13,2088739,3.176,4.2,401.78,False
2024-11-14,2561968,3.176,4.2,401.78,False
2024-11-15,2636505,3.176,4.2,401.78,False
2024-11-16,1949769,3.176,4.2,401.78,False
2024-11-17,2663030,3.176,4.2,401.78,False
2024-11-18,2455375,3.168,4.2,401.78,False
2024-11-19,1885832,3.168,4.2,401.78,False
2024-11-20,2070826,3.168,4.2,401.78,False
2024-11-21,2550762,3.168,4.2,401.78,False
2024-11-22,2754798,3.168,4.2,401.78,False
2024-11-23,2493313,3.168,4.2,401.78,False
2024-11-24,2659301,3.168,4.2,401.78,False
2024-11-25,2506373,3.166,4.2,401.78,False
2024-11-26,2694504,3.166,4.2,401.78,False
2024-11-27,2726845,3.166,4.2,401.78,False
2024-11-28,1551896,3.166,4.2,401.78,False
2024-11-29,2377911,3.166,4.2,401.78,False
2024-11-30,2811101,3.166,4.2,401.78,False
2024-12-01,3088836,3.166,4.1,401.78,False
2024-12-02,2829000,3.156,4.1,401.78,False
2024-12-03,2283750,3.156,4.1,401.78,False
2024-12-04,2120703,3.156,4.1,401.78,False
2024-12-05,2443620,3.156,4.1,401.78,False
2024-12-06,2522641,3.156,4.1,401.78,False
2024-12-07,2012382,3.156,4.1,401.78,False
2024-12-08,2603322,3.156,4.1,401.78,False
2024-12-09,2438070,3.131,4.1,401.78,False
2024-12-10,2013749,3.131,4.1,401.78,False
2024-12-11,2148651,3.131,4.1,401.78,False
2024-12-12,2588225,3.131,4.1,401.78,False
2024-12-13,2655019,3.131,4.1,401.78,False
2024-12-14,2146894,3.131,4.1,401.78,False
2024-12-15,2599354,3.131,4.1,401.78,False
2024-12-16,2401238,3.137,4.1,401.78,False
2024-12-17,2122028,3.137,4.1,401.78,False
2024-12-18,2351328,3.137,4.1,401.78,False
2024-12-19,2651437,3.137,4.1,401.78,False
2024-12-20,2845856,3.137,4.1,401.78,False
2024-12-21,2773545,3.137,4.1,401.78,False
2024-12-22,2800962,3.137,4.1,401.78,False
2024-12-23,2758299,3.145,4.1,401.78,False
2024-12-24,2068817,3.145,4.1,401.78,False
2024-12-25,2039342,3.145,4.1,401.78,False
2024-12-26,2743795,3.145,4.1,401.78,False
2024-12-27,2848156,3.145,4.1,401.78,False
2024-12-28,2741872,3.145,4.1,401.78,False
2024-12-29,2805401,3.145,4.1,401.78,False
2024-12-30,2765740,3.128,4.1,401.78,False
2024-12-31,2172902,3.128,4.1,401.78,False
2025-01-01,2313111,3.128,4.0,397.16,False
2025-01-02,2611778,3.128,4.0,397.16,False
2025-01-03,2561917,3.128,4.0,397.16,False
2025-01-04,2543099,3.128,4.0,397.16,False
2025-01-05,2579257,3.128,4.0,397.16,False
2025-01-06,2222148,3.168,4.0,397.16,False
2025-01-07,1908564,3.168,4.0,397.16,False
2025-01-08,1879025,3.168,4.0,397.16,False
2025-01-09,2027310,3.168,4.0,397.16,False
2025-01-10,1992855,3.168,4.0,397.16,False
2025-01-11,1858510,3.168,4.0,397.16,False
2025-01-12,2322100,3.168,4.0,397.16,False
2025-01-13,2062714,3.164,4.0,397.16,False
2025-01-14,1651203,3.164,4.0,397.16,False
2025-01-15,1844782,3.164,4.0,397.16,False
2025-01-16,2369393,3.164,4.0,397.16,False
2025-01-17,2526286,3.164,4.0,397.16,False
2025-01-18,1939172,3.164,4.0,397.16,False
2025-01-19,2112794,3.164,4.0,397.16,False
2025-01-20,2466952,3.229,4.0,397.16,False
2025-01-21,1758398,3.229,4.0,397.16,False
2025-01-22,1710482,3.229,4.0,397.16,False
2025-01-23,2158117,3.229,4.0,397.16,False
2025-01-24,2257748,3.229,4.0,397.16,False
2025-01-25,1785853,3.229,4.0,397.16,False
2025-01-26,2302112,3.229,4.0,397.16,False
2025-01-27,2088017,3.224,4.0,397.16,False
2025-01-28,1599137,3.224,4.0,397.16,False
2025-01-29,1792491,3.224,4.0,397.16,False
2025-01-30,2217849,3.224,4.0,397.16,False
2025-01-31,2272211,3.224,4.0,397.16,False
2025-02-01,1791123,3.224,4.1,397.16,False
2025-02-02,2331307,3.224,4.1,397.16,False
2025-02-03,2102433,3.205,4.1,397.16,False
2025-02-04,1650290,3.205,4.1,397.16,False
2025-02-05,1820773,3.205,4.1,397.16,False
2025-02-06,2211265,3.205,4.1,397.16,False
2025-02-07,2338544,3.205,4.1,397.16,False
2025-02-08,1828457,3.205,4.1,397.16,False
2025-02-09,2186009,3.205,4.1,397.16,False
2025-02-10,2323951,3.253,4.1,397.16,False
2025-02-11,1753887,3.253,4.1,397.16,False
2025-02-12,1990129,3.253,4.1,397.16,False
2025-02-13,2560756,3.253,4.1,397.16,False
2025-02-14,2625540,3.253,4.1,397.16,False
2025-02-15,2159818,3.253,4.1,397.16,False
2025-02-16,2394833,3.253,4.1,397.16,False
2025-02-17,2721037,3.276,4.1,397.16,False
2025-02-18,2242755,3.276,4.1,397.16,False
2025-02-19,2122513,3.276,4.1,397.16,False
2025-02-20,2465900,3.276,4.1,397.16,False
2025-02-21,2553100,3.276,4.1,397.16,False
2025-02-22,2161694,3.276,4.1,397.16,False
2025-02-23,2593719,3.276,4.1,397.16,False
2025-02-24,2399513,3.255,4.1,397.16,False
2025-02-25,1916767,3.255,4.1,397.16,False
2025-02-26,2123490,3.255,4.1,397.16,False
2025-02-27,2579755,3.255,4.1,397.16,False
2025-02-28,2630500,3.255,4.1,397.16,False
2025-03-01,2158645,3.255,4.2,397.16,False
2025-03-02,2599881,3.255,4.2,397.16,False
2025-03-03,2365320,3.206,4.2,397.16,False
2025-03-04,1875218,3.206,4.2,397.16,False
2025-03-05,2136765,3.206,4.2,397.16,False
2025-03-06,2576197,3.206,4.2,397.16,False
2025-03-07,2642987,3.206,4.2,397.16,False
2025-03-08,2280659,3.206,4.2,397.16,False
2025-03-09,2662698,3.206,4.2,397.16,False
2025-03-10,2463518,3.197,4.2,397.16,False
2025-03-11,2025101,3.197,4.2,397.16,False
2025-03-12,2296331,3.197,4.2,397.16,False
2025-03-13,2705385,3.197,4.2,397.16,False
2025-03-14,2767624,3.197,4.2,397.16,False
2025-03-15,2485967,3.197,4.2,397.16,False
2025-03-16,2788290,3.197,4.2,397.16,False
2025-03-17,2696692,3.184,4.2,397.16,False
2025-03-18,2269892,3.184,4.2,397.16,False
2025-03-19,2406685,3.184,4.2,397.16,False
2025-03-20,2768297,3.184,4.2,397.16,False
2025-03-21,2770885,3.184,4.2,397.16,False
2025-03-22,2501353,3.184,4.2,397.16,False
2025-03-23,2832184,3.184,4.2,397.16,False
2025-03-24,2616694,3.24,4.2,397.16,False
2025-03-25,2154216,3.24,4.2,397.16,False
2025-03-26,2339364,3.24,4.2,397.16,False
2025-03-27,2702597,3.24,4.2,397.16,False
2025-03-28,2715979,3.24,4.2,397.16,False
2025-03-29,2348148,3.24,4.2,397.16,False
2025-03-30,2699290,3.24,4.2,397.16,False
2025-03-31,2551791,3.288,4.2,397.16,False
2025-04-01,2182067,3.288,4.2,397.16,False
2025-04-02,2179140,3.288,4.2,397.16,False
2025-04-03,2619267,3.288,4.2,397.16,False
2025-04-04,2657646,3.288,4.2,397.16,False
2025-04-05,2240317,3.288,4.2,397.16,False
2025-04-06,2734390,3.288,4.2,397.16,False
2025-04-07,2532108,3.37,4.2,397.16,False
2025-04-08,2087617,3.37,4.2,397.16,False
2025-04-09,2298987,3.37,4.2,397.16,False
2025-04-10,2720111,3.37,4.2,397.16,False
2025-04-11,2743034,3.37,4.2,397.16,False
2025-04-12,2269643,3.37,4.2,397.16,False
2025-04-13,2747047,3.37,4.2,397.16,False
2025-04-14,2564711,3.295,4.2,397.16,False
2025-04-15,2114229,3.295,4.2,397.16,False
2025-04-16,2357678,3.295,4.2,397.16,False
2025-04-17,2820263,3.295,4.2,397.16,False
2025-04-18,2658126,3.295,4.2,397.16,False
2025-04-19,2155922,3.295,4.2,397.16,False
2025-04-20,2590905,3.295,4.2,397.16,False
2025-04-21,2783296,3.268,4.2,397.16,False
2025-04-22,2265653,3.268,4.2,397.16,False
2025-04-23,2343470,3.268,4.2,397.16,False
2025-04-24,2757802,3.268,4.2,397.16,False
2025-04-25,2766190,3.268,4.2,397.16,False
2025-04-26,2201728,3.268,4.2,397.16,False
2025-04-27,2827041,3.268,4.2,397.16,False
2025-04-28,2600473,3.261,4.2,397.16,False
2025-04-29,2067400,3.261,4.2,397.16,False
2025-04-30,2300316,3.261,4.2,397.16,False
2025-05-01,2743730,3.261,4.2,397.16,False
2025-05-02,2659190,3.261,4.2,397.16,False
2025-05-03,2101947,3.261,4.2,397.16,False
2025-05-04,2761985,3.261,4.2,397.16,False
2025-05-05,2584294,3.273,4.2,397.16,False
2025-05-06,2106871,3.273,4.2,397.16,False
2025-05-07,2288749,3.273,4.2,397.16,False
2025-05-08,2730340,3.273,4.2,397.16,False
2025-05-09,2711765,3.273,4.2,397.16,False
2025-05-10,2124776,3.273,4.2,397.16,False
2025-05-11,2578387,3.273,4.2,397.16,False
2025-05-12,2656624,3.249,4.2,397.16,False
2025-05-13,2131490,3.249,4.2,397.16,False
2025-05-14,2366338,3.249,4.2,397.16,False
2025-05-15,2847304,3.249,4.2,397.16,False
2025-05-16,2833961,3.249,4.2,397.16,False
2025-05-17,2311524,3.249,4.2,397.16,False
2025-05-18,2929439,3.249,4.2,397.16,False
2025-05-19,2793311,3.302,4.2,397.16,False
2025-05-20,2320174,3.302,4.2,397.16,False
2025-05-21,2508527,3.302,4.2,397.16,False
2025-05-22,2960413,3.302,4.2,397.16,False
2025-05-23,3010183,3.302,4.2,397.16,False
2025-05-24,2388782,3.302,4.2,397.16,False
2025-05-25,2455905,3.302,4.2,397.16,False
2025-05-26,2794349,3.288,4.2,397.16,False
2025-05-27,2504243,3.288,4.2,397.16,False
2025-05-28,2325469,3.288,4.2,397.16,False
2025-05-29,2626000,3.288,4.2,397.16,False
2025-05-30,2697797,3.288,4.2,397.16,False
2025-05-31,2352220,3.288,4.2,397.16,False
2025-06-01,2825067,3.288,4.1,397.16,False
2025-06-02,2642757,3.256,4.1,397.16,False
2025-06-03,2213126,3.256,4.1,397.16,False
2025-06-04,2364180,3.256,4.1,397.16,False
2025-06-05,2798889,3.256,4.1,397.16,False
2025-06-06,2766504,3.256,4.1,397.16,False
2025-06-07,2328958,3.256,4.1,397.16,False
2025-06-08,2855018,3.256,4.1,397.16,False
2025-06-09,2758305,3.235,4.1,397.16,False
2025-06-10,2363300,3.235,4.1,397.16,False
2025-06-11,2504198,3.235,4.1,397.16,False
2025-06-12,2887807,3.235,4.1,397.16,False
2025-06-13,2864272,3.235,4.1,397.16,False
2025-06-14,2515953,3.235,4.1,397.16,False
2025-06-15,2885745,3.235,4.1,397.16,False
2025-06-16,2844177,3.265,4.1,397.16,False
2025-06-17,2455369,3.265,4.1,397.16,False
2025-06-18,2705096,3.265,4.1,397.16,False
2025-06-19,2980935,3.265,4.1,397.16,False
2025-06-20,2815712,3.265,4.1,397.16,False
2025-06-21,2545281,3.265,4.1,397.16,False
2025-06-22,3096797,3.265,4.1,397.16,False
2025-06-23,2953920,3.338,4.1,397.16,False
2025-06-24,2508700,3.338,4.1,397.16,False
2025-06-25,2551456,3.338,4.1,397.16,False
2025-06-26,2930370,3.338,4.1,397.16,False
2025-06-27,2988614,3.338,4.1,397.16,False
2025-06-28,2624702,3.338,4.1,397.16,False
2025-06-29,2959224,3.338,4.1,397.16,False
2025-06-30,2777562,3.288,4.1,397.16,False
2025-07-01,2402548,3.288,4.2,397.16,False
2025-07-02,2717209,3.288,4.2,397.16,False
2025-07-03,2923165,3.288,4.2,397.16,False
2025-07-04,2161154,3.288,4.2,397.16,False
2025-07-05,2456501,3.288,4.2,397.16,False
2025-07-06,3041954,3.288,4.2,397.16,False
2025-07-07,2916531,3.251,4.2,397.16,False
2025-07-08,2487072,3.251,4.2,397.16,False
2025-07-09,2554489,3.251,4.2,397.16,False
2025-07-10,2873345,3.251,4.2,397.16,False
2025-07-11,2886056,3.251,4.2,397.16,False
2025-07-12,2588930,3.251,4.2,397.16,False
2025-07-13,3005374,3.251,4.2,397.16,False
2025-07-14,2865376,3.254,4.2,397.16,False
2025-07-15,2556865,3.254,4.2,397.16,False
2025-07-16,2613762,3.254,4.2,397.16,False
2025-07-17,2998091,3.254,4.2,397.16,False
2025-07-18,2959985,3.254,4.2,397.16,False
2025-07-19,2602761,3.254,4.2,397.16,False
2025-07-20,3040346,3.254,4.2,397.16,False
2025-07-21,2886252,3.246,4.2,397.16,False
2025-07-22,2451222,3.246,4.2,397.16,False
2025-07-23,2629875,3.246,4.2,397.16,False
2025-07-24,2968619,3.246,4.2,397.16,False
2025-07-25,2969666,3.246,4.2,397.16,False
2025-07-26,2669445,3.246,4.2,397.16,False
2025-07-27,3017408,3.246,4.2,397.16,False
2025-07-28,2929234,3.247,4.2,397.16,False
2025-07-29,2438709,3.247,4.2,397.16,False
2025-07-30,2574460,3.247,4.2,397.16,False
2025-07-31,2882789,3.247,4.2,397.16,False
2025-08-01,2993737,3.247,4.2,397.16,False
2025-08-02,2638695,3.247,4.2,397.16,False
2025-08-03,2980650,3.247,4.2,397.16,False
2025-08-04,2854799,3.265,4.2,397.16,False
2025-08-05,2363977,3.265,4.2,397.16,False
2025-08-06,2448168,3.265,4.2,397.16,False
2025-08-07,2892960,3.265,4.2,397.16,False
2025-08-08,2852629,3.265,4.2,397.16,False
2025-08-09,2461959,3.265,4.2,397.16,False
2025-08-10,2960349,3.265,4.2,397.16,False
2025-08-11,2763671,3.243,4.2,397.16,False
2025-08-12,2256082,3.243,4.2,397.16,False
2025-08-13,2331215,3.243,4.2,397.16,False
2025-08-14,2832747,3.243,4.2,397.16,False
